Key,Id,Korean(ko),English(en),Chinese (Simplified)(zh),Chinese (Traditional)(zh-TW),Japanese(ja),,,,,,
100000,,일반,Com.,普通,一般,一般,,,,,,
100001,,매직,Magi.,高级,魔法,魔法,,,,,,
100002,,레어,Rare,稀有,稀有,レア,,,,,,
100003,,유니크,Uniq.,唯一,獨特,独特,,,,,,
100004,,영웅,Hero.,英雄,英雄,英雄,,,,,,
100005,,전설,Leg.,传说,傳說,伝説,,,,,,
100006,,신화,Myth.,神话,神話,神話,,,,,,
101000,,행복하세요,Wishing you the best,一定要幸福,祝你幸福,幸せになってください,,,,,,
101001,,게이머,Gamer,玩家,玩家,ゲーマー,,,,,,
101002,,행정가,Administrator,行政人员,行政人員,管理者,,,,,,
101003,,운수대통,Lucky Year,大吉大利,大吉大利,縁起がいい,,,,,,
101004,,대부호,Millionaire,大富豪,大富翁,大富豪,,,,,,
101005,,몬스터 헌터,Monster Hunter,怪物猎人,怪物獵人,モンスターハンター,,,,,,
101006,,영웅,Hero,英雄,英雄,英雄,,,,,,
101007,,최강자,The Strongest,最强者,最強者,最強者,,,,,,
101008,,빌런,Villain,恶棍,惡棍,ヴィラン,,,,,,
101009,,부랑자,Vagabond,流浪者,流浪漢,浮浪者,,,,,,
101010,,기사단장,Knight Commander,骑士指挥官,骑士指挥官,騎士団長,,,,,,
101011,,동물애호가,Animal Lover,动物爱好者,動物愛好者,動物愛好家,,,,,,
101012,,학자,Scholar,学者,學者,学者,,,,,,
102000,,광고 시청,Watch Ad,观看广告,觀賞廣告,広告視聴,,,,,,
102001,,던전 완료,Complete Dugn.,完成副本,完成副本,ダンジョン完了,,,,,,
102002,,일일 퀘스트 완료,Complete Daily Quest,完成每日任务,完成每日任務,デイリークエスト完了,,,,,,
102003,,무기 소환,Summon Weapons,召唤武器,召喚武器,武器召喚,,,,,,
102004,,반지 소환,Summon Rings,召唤戒指,召喚戒指,指輪召喚,,,,,,
102005,,몬스터 처치,Defeat Monster,击杀怪物,消滅怪物,モンスター撃破,,,,,,
102006,,누적 획득 다이아,Total Diamond Acquired,累计获得水晶,累積獲得的水晶,累積獲得水晶,,,,,,
102007,,레벨 달성,Level Achieved,达成等级,達成等級,レベル達成,,,,,,
102008,,스킬 각성,Awaken Skill,觉醒技能,覺醒技能,スキル覚醒,,,,,,
102009,,반지 각성,Awaken ring,觉醒戒指,覺醒戒指,指輪覚醒,,,,,,
102010,,무기 각성,Awaken Weapon,觉醒武器,覺醒武器,武器覚醒,,,,,,
102011,,펫 각성,Awaken Pet,觉醒宠物,覺醒寵物,ペット覚醒,,,,,,
102012,,유물 레벨 달성,Relic Level Achieved,达到圣物等级,達到聖物等級,達成された遺物レベル,,,,,,
103000,,공격력,Attack,攻击力,攻擊力,攻撃力,,,,,,
103001,,체력,HP,体力,體力,体力,,,,,,
103002,,치명타 확률,Critical Rate,暴击率,暴擊率,会心率,,,,,,
103003,,치명타 피해량,Critical Damage,暴击伤害量,暴擊傷害,会心ダメージ量,,,,,,
103005,,경험치 획득량 증가,Incr. EXP Gain,增加经验值获得量,提升經驗值獲得量,経験値獲得量増加,,,,,,
103006,,골드 획득량 증가,Incr. Gold Gain,增加金币获得量,提升金幣獲得量,ゴールド獲得量増加,,,,,,
103007,,이동속도 상승,Incr. Movement Speed,提升移动速度,提升移動速度,移動速度上昇,,,,,,
103008,,공격속도 상승,Incr. Attack Speed,提升攻击速度,提升攻擊速度,攻撃速度上昇,,,,,,
103009,,스테이지 강화석 획득량 증가,Incr. Upgrade Stone in Stage,增加关卡强化石获得量,提升關卡強化石獲得量,ステージ強化石獲得量増加,,,,,,
103010,,암시장 코인 던전 보상 증가,Incr. BlackMarket Coin in Dungeon,增加黑市金币地牢,增加黑市金幣地牢,闇市場コインダンジョン報酬増加,,,,,,
103011,,스킬 강화석 던전 보상 증가,Incr. Skill Stone in Dungeon,增加技能强化石副本奖励,提升技能強化石副本獎勵,スキル強化石ダンジョン報酬増加,,,,,,
103012,,다이아 던전 보상증가,Incr. Dia in Dungeon,增加钻石地牢,提升鑽石地牢獎勵,ダイヤダンジョン報酬増加,,,,,,
103013,,각성석 던전 보상 증가,Incr. Awaken Stone in Dungeon,增加觉醒石副本奖励,提升覺醒石副本獎勵,覚醒石ダンジョン報酬増加,,,,,,
103014,,보스에게 주는 피해 증가,Incr. Boss Damage,增加对BOSS造成的伤害,提升對Boss造成的傷害,ボスに与えるダメージ増加,,,,,,
103015,,특정 스킬에만 적용되는 경우,Applied only on specific skills,仅适用于特定技能时,只適用於特定技能的情況,特定スキルにのみ適用される場合,,,,,,
103016,,스킬 피해량 증가,Incr. Skill Damage,增加技能伤害量,提升技能傷害量,スキルダメージ量増加,,,,,,
103017,,대시 피해량 증가,Incr. Dash Damage,增加冲刺伤害量,提升猛衝傷害量,ダッシュダメージ量増加,,,,,,
103018,,최종 공격력 증가,Incr. Max attack,增加最终攻击力,提升最終攻擊力,最終攻撃力増加,,,,,,
103019,,최종 체력 증가,Incr. Max HP,增加最终体力,提升最終體力,最終体力増加,,,,,,
103020,,각성 공격력 증가,Incr. Awaken attack,增加觉醒攻击力,提升覺醒攻擊力,覚醒攻撃力増加,,,,,,
103021,,각성 체력 증가,Incr. Awaken HP,增加觉醒体力,提升覺醒體力,覚醒体力増加,,,,,,
103022,,펫 공격력 증가,Incr. Pet attack,增加宠物攻击力,提升寵物攻擊力,ペット攻撃力増加,,,,,,
103023,,펫 체력 증가,Incr. Pet HP,增加宠物体力,提升寵物體力,ペット体力増加,,,,,,
103024,,장비 드랍 확률 증가,Incr. Equipment Drop Rate,增加装备掉落率,提升裝備掉落機率,装備ドロップ率増加,,,,,,
103025,,몬스터 체력 감소,DCR. Monster HP,减少怪物体力,降低怪物體力,モンスター体力減少,,,,,,
103026,,몬스터 공격력 감소,DCR. Monster attack,减少怪物攻击力,降低怪物攻擊力,モンスター攻撃力減少,,,,,,
103027,,공격력 증가,Incr. attack,增加攻击力,提升攻擊力,攻撃力増加,,,,,,
103028,,체력 증가,Incr. HP,增加体力,提升體力,体力増加,,,,,,
103029,,잠재 공격력 증가,Incr. Potential attack,增加潜在攻击力,提升潛在攻擊力,潜在攻撃力増加,,,,,,
103030,,잠재 체력 증가,Incr. Potential HP,增加潜在体力,提升潛在體力,潜在体力増加,,,,,,
103031,,잠재 골드 획득량 증가,Incr. Potential Gold Gain,增加潜在金币获得量,提升潛在金幣獲得量,潜在ゴールド獲得量増加,,,,,,
103032,,잠재 경험치 획득량 증가,Incr. Potential EXP Gain,增加潜在经验值获得量,提升潛在經驗值獲得量,潜在経験値獲得量増加,,,,,,
103033,,힘의 룬,Power Rune,力量符文,力量符文,力のルーン,,,,,,
103034,,체력의 룬,Health Rune,体力符文,體力符文,体力のルーン,,,,,,
103035,,풍요의 룬,Richness Rune,富足符文,富饒符文,豊穣のルーン,,,,,,
103036,,경험의 룬,Experience Rune,经验符文,經驗符文,経験のルーン,,,,,,
103037,,파괴의 룬,Destruction Rune,破坏符文,破壞符文,破壊のルーン,,,,,,
103038,,유물 공격력 증가,Incr. Relic attack,增加遗物攻击力,增加遺物攻擊力,遺物攻撃力増加,,,,,,
103039,,유물 체력 증가,Incr. Relic HP,增加遗物体力,增加遺物體力,遺物体力増加,,,,,,
103040,,보석 공격력 증가,Incr. Jewel Attack,增加宝石攻击力,增加寶石攻擊力,宝石攻撃力増加,,,,,,
103041,,보석 체력 증가,Incr. Jewel HP,增加宝石体力,增加寶石體力,宝石体力増加,,,,,,
103042,,기본 공격 피해량 증가,Incr. Normal Attack damage,增加普通攻击伤害。,增加普通攻擊傷害,通常攻撃ダメージ増加,,,,,,
104000,,공격력 {0} 증가,Incr. attack {0},攻击力增加{0},攻擊力提升{0},攻撃力{0}増加,,,,,,
104001,,체력 {0} 증가,Incr. HP {0},体力增加{0},體力提升{0},体力{0}増加,,,,,,
104002,,치명타 확률 {0}% 증가,Incr. Critical Rate {0}%,暴击率增加{0}%,暴擊率提升{0}%,会心率{0}%増加,,,,,,
104003,,치명타 피해량 {0}% 증가,Incr. Critical Damage {0}%,暴击伤害量增加{0}%,暴擊傷害提升{0}%,会心ダメージ量{0}%増加,,,,,,
104005,,스테이지 경험치 획득량 {0}% 증가,Incr. Stage EXP Gain {0}%,关卡经验值获得量增加{0}%,關卡經驗值獲得量提升{0}%,ステージ経験値の獲得量{0}%増加,,,,,,
104006,,스테이지 골드 획득량 {0}% 증가,Incr. Stage Gold Gain {0}%,关卡金币获得量增加{0}%,關卡金幣獲得量提升{0}%,ステージゴールドの獲得量{0}%増加,,,,,,
104007,,이동속도 {0}% 증가,Incr. Movement Speed {0}%,移动速度增加{0}%,移動速度提升{0}%,移動速度{0}%増加,,,,,,
104008,,공격속도 {0}% 증가,Incr. Attack Speed {0}%,攻击速度增加{0}%,攻擊速度提升{0}%,攻撃速度{0}%増加,,,,,,
104009,,스테이지 강화석 획득량 {0}% 증가,Incr. Upgrade stone in Stage {0}%,关卡强化石获得量增加{0}%,關卡強化石獲得量提升{0}%,ステージ強化石の獲得量{0}%増加,,,,,,
104010,,암시장 코인 던전 보상 {0}% 증가,Incr. {0}% BlackMarket Coin in Dungeon ,增加{0}%黑市金币地牢,提升{0}%黑市金幣地牢,闇市場コインダンジョン報酬{0}%増加,,,,,,
104011,,스킬 강화석 던전 보상 {0}% 증가,Incr. Skill Stone in Dungeon {0}%,技能强化石副本奖励增加{0}%,技能強化石副本獎勵提升{0}%,スキル強化石ダンジョンの報酬{0}%増加,,,,,,
104012,,다이아 던전 보상 {0}% 증가,Incr. {0}% Dia in Dungeon ,增加{0}%钻石地牢奖励,提升{0}%鑽石地牢獎勵,ダイヤダンジョン報酬{0}%増加,,,,,,
104015,,각성석 던전 보상 {0}% 증가,Incr. Awaken Stone in Dungeon {0}%,觉醒石副本奖励增加{0}%,覺醒石副本獎勵提升{0}%,覚醒石ダンジョンの報酬{0}%増加,,,,,,
104016,,보스에게 주는 피해 {0}% 증가,Incr. Boss Damage {0}%,对BOSS造成的伤害增加{0}%,對Boss造成的傷害提升{0}%,ボスに与えるダメージ{0}%増加,,,,,,
104017,,{0} 피해량 {1}% 증가,Incr. {0} Damage {1}%,{0}伤害量增加{1}%,{0}傷害量提升{1}%,{0}ダメージ量{1}%増加,,,,,,
104018,,스킬 피해량 {0}% 증가,Incr. Skill Damage {0}%,技能伤害量增加{0}%,技能傷害量提升{0}%,スキルダメージ量{0}%増加,,,,,,
104019,,대시 피해량 {0}% 증가,Incr. Dash Damage {0}%,冲刺伤害量增加{0}%,猛衝傷害量提升{0}%,ダッシュダメージ量{0}%増加,,,,,,
104020,,최종 공격력 {0}% 증가,Incr. Final ATK {0}%,最终攻击力增加{0}%,最終攻擊力提升{0}%,最終攻撃力{0}%増加,,,,,,
104021,,최종 체력 {0}% 증가,Incr. Final HP {0}%,最终体力增加{0}%,最終體力提升{0}%,最終体力{0}%増加,,,,,,
104022,,각성 공격력 {0}% 증가,Incr. Awaken ATK {0}%,觉醒攻击力增加{0}%,覺醒攻擊力提升{0}%,覚醒攻撃力{0}%増加,,,,,,
104023,,각성 체력 {0}% 증가,Incr. Awaken HP {0}%,觉醒体力增加{0}%,覺醒體力提升{0}%,覚醒体力{0}%増加,,,,,,
104024,,펫 공격력 {0}% 증가,Incr. Pet ATK {0}%,宠物攻击力增加{0}%,寵物攻擊力提升{0}%,ペット攻撃力{0}%増加,,,,,,
104025,,펫 체력 {0}% 증가,Incr. Pet HP {0}%,宠物体力增加{0}%,寵物體力提升{0}%,ペット体力{0}%増加,,,,,,
104026,,아이템 드랍 확률 {0}% 증가,Incr. Item Drop Rate {0}%,道具掉落率增加{0}%,道具掉落機率提升{0}%,アイテムドロップ率{0}%増加,,,,,,
104027,,몬스터 체력 {0}% 감소,DCR. Monster HP {0}%,怪物体力减少{0}%,怪物體力降低{0}%,モンスター体力{0}%減少,,,,,,
104028,,몬스터 공격력 {0}% 감소,DCR. Monster ATK {0}%,怪物攻击力减少{0}%,怪物攻擊力降低{0}%,モンスター攻撃力{0}%減少,,,,,,
104029,,공격력 {0}% 증가,Incr. ATK {0}%,攻击力增加{0}%,攻擊力提升{0}%,攻撃力{0}%増加,,,,,,
104030,,체력 {0}% 증가,Incr. HP {0}%,体力增加{0}%,體力提升{0}%,体力{0}%増加,,,,,,
104031,,초당 최대 체력의 {0}%회복,Recovers {0}% of maximum HP every 1 sec,每1秒恢复体力{0}%,每1秒體力恢復{0}%,1秒ごとに{0}%の体力を回復,,,,,,
104032,,공격력 {0}% 증폭,ATK Amplified by {0}%,攻击力增加{0}%,攻擊力增加{0}%,攻撃力{0}%増幅,,,,,,
104033,,잠재 공격력 {0}% 증가,Incr. Potential ATK {0}%,潜在攻击力增加{0}%,潛在攻擊力提升{0}%,潜在攻撃力{0}％増加,,,,,,
104034,,잠재 체력 {0}% 증가,Incr. Potential HP {0}%,潜在体力增加{0}%,潛在體力提升{0}%,潜在体力{0}％増加,,,,,,
104035,,잠재 골드 획득량 {0}% 증가,Incr. Potential Gold Gain {0}%,潜在金币获得量增加{0}%,潛在金幣獲得量提升{0}%,潜在ゴールド獲得量{0}％増加,,,,,,
104036,,잠재 경험치 획득량 {0}% 증가,Incr. Potential EXP Gain {0}%,潜在经验值获得量增加{0}%,潛在經驗值獲得量提升{0}%,潜在経験値獲得量{0}％増加,,,,,,
104037,,유물 공격력 {0}% 증가,Incr. Relic ATK {0}%,增加遗物攻击力{0}%,增加遺物攻擊力{0}%,遺物攻撃力{0}%増加,,,,,,
104038,,유물 체력 {0}% 증가,Incr. Relic HP {0}%,增加遗物体力{0}%,增加遺物體力{0}%,遺物攻撃力{0}%増加,,,,,,
104039,,보석 공격력 {0}% 증가,Incr. Jewel Attack {0}%,增加宝石攻击力{0}%,增加寶石攻擊力{0}%,宝石攻撃力{0}%増加,,,,,,
104040,,보석 체력 {0}% 증가,Incr. Jewel HP {0}%,增加宝石体力{0}%,增加寶石體力{0}%,宝石体力{0}%増加,,,,,,
104041,,기본 공격 피해량 {0}% 증가,Incr. Normal Attack damage {0}%,增加普通攻击伤害{0}%,增加普通攻擊傷害{0}%,通常攻撃ダメージ{0}%増加,,,,,,
105000,,슬라임 영혼 폭주,Slime Soul Frenzy,史莱姆灵魂暴走,史萊姆靈魂狂暴,スライム魂の暴走,,,,,,
105001,,소울 디토네이터',“Soul Detonator”,灵魂引爆者,靈魂引爆者,ソウルデトネーター',,,,,,
105002,,버섯 몬스터 수프,Mushroom Monster Soup,蘑菇怪物汤,蘑菇怪濃湯,きのこモンスターのスープ,,,,,,
105003,,붕대를 감은 거미,Bandaged Spider,缠着绷带的蜘蛛,纏著繃帶的蜘蛛,包帯を巻いたクモ,,,,,,
105004,,귀여운 영혼 '무우',Cute Soul “Moo”,可爱灵魂“萝卜”,可愛的靈魂-蘿蔔,可愛い魂「ダイコン」,,,,,,
105005,,광산 속 소울 디토네이터,Soul Detonator in the Mine,矿山里的灵魂引爆者,礦坑裡的靈魂引爆者,鉱山の中のソウルデトネーター,,,,,,
105006,,영혼 폭주의 동시 발생,Outbreaks of Soul Frenzy,灵魂暴走的同时发生,靈魂狂暴的同時發生,魂暴走の同時発生,,,,,,
105007,,백토의 지원 요청,Support Request from Vector,维克托的支援请求,維克托的支援請求,ベクトルの支援要請,,,,,,
105008,,더욱 강력해진 영혼들,Strengthened Souls,越来越强的灵魂们,變得更強大的靈魂們,もっと強くなった魂たち,,,,,,
105009,,돼지들의 왕,King of Pigs,猪王,豬豬王,豚の王,,,,,,
106000,,시련 1,Trial 1,试验1,試驗1,試練1,,,,,,
106001,,시련 2,Trial 2,试验2,試驗2,試練2,,,,,,
106002,,시련 3,Trial 3,试验3,試驗3,試練3,,,,,,
106003,,시련 4,Trial 4,试验4,試驗4,試練4,,,,,,
106004,,시련 5,Trial 5,试验5,試驗5,試練5,,,,,,
106005,,시련 6,Trial 6,试验6,試驗6,試練6,,,,,,
106006,,시련 7,Trial 7,试验7,試驗7,試練7,,,,,,
106007,,시련 8,Trial 8,试验8,試驗8,試練8,,,,,,
106008,,시련 9,Trial 9,试验9,試驗9,試練9,,,,,,
107001,,노란바람개비,Yellow Pinwheel,黄色风车,黃色風車,黄色の風車,,,,,,
107002,,다색바람개비,Multicolored Pinwheel,多彩多姿的风车,多彩多姿的風車,多色風車,,,,,,
108001,,골드량 증가 {0}%,Incr. Gold {0}%,金币量增加{0}%,金幣量提升{0}%,ゴールド量の増加{0}%,,,,,,
108002,,강화석량 증가 {0}%,Incr. Upgrade Stone {0}%,强化石量增加{0}%,強化石量提升{0}%,強化石量の増加{0}%,,,,,,
109000,,시련,Trial,试验,試驗,試練,,,,,,
109001,,각성석 던전,Awaken Stone Dugn.,觉醒石副本,覺醒石副本,覚醒石ダンジョン,,,,,,
109002,,스킬강화석 던전,Skill Stone Dugn.,技能强化石副本,技能強化石副本,スキル強化石ダンジョン,,,,,,
109003,,펫 던전,Pet Dugn.,宠物副本,寵物副本,ペットダンジョン,,,,,,
109004,,암시장코인 던전,BlackMarket Coin Dugn.,黑市金币地牢,增加黑市金幣地牢,闇市場コインダンジョン報酬増加,,,,,,
109005,,다이아 던전,Diamond Dugn.,钻石地牢,鑽石地牢,ダイヤダンジョン,,,,,,
109006,,수련장,Training Ground,训练场,訓練場,修練場,,,,,,
110000,,레벨 패스 1,Level Pass 1,等级通行证1,等級通行證1,レベルパス1,,,,,,
110001,,레벨 패스 2,Level Pass 2,等级通行证2,等級通行證2,レベルパス2,,,,,,
110002,,레벨 패스 3,Level Pass 3,等级通行证3,等級通行證3,レベルパス3,,,,,,
110003,,스테이지 패스 1,Stage Pass 1,关卡通行证1,關卡通行證1,ステージパス1,,,,,,
110004,,스테이지 패스 2,Stage Pass 2,关卡通行证2,關卡通行證2,ステージパス2,,,,,,
110005,,스테이지 패스 3,Stage Pass 3,关卡通行证3,關卡通行證3,ステージパス3,,,,,,
110006,,모험 패스,Adventure Pass,冒险通行证,冒險通行證,アドベンチャーパス,,,,,,
110007,,레벨 패스 4,Level Pass 4,等级通行证4,等級通行證4,レベルパス4,,,,,,
110008,,레벨 패스 5,Level Pass 5,等级通行证5,等級通行證5,レベルパス5,,,,,,
110009,,스테이지 패스 4,Stage Pass 4,关卡通行证4,關卡通行證4,ステージパス4,,,,,,
110010,,스테이지 패스 5,Stage Pass 5,关卡通行证5,關卡通行證5,ステージパス5,,,,,,
110011,,버섯용사 패스1,AfterLife Pass1,After Life通行证1,After Life通行證1,アフターライフパス1,,,,,,
110012,,암시장 코인,BlackMarket Coin,黑市金币,黑市金幣,闇市場コイン,,,,,,
111000,,일일 퀘스트 완료,Complete Daily Quest,完成每日任务,完成每日任務,デイリークエスト完了,,,,,,
111001,,출석,Login,签到,簽到,ログインチェック,,,,,,
111002,,몬스터 처치,Hunt monster,击杀怪物,消滅怪物,モンスター撃破,,,,,,
111003,,접속 시간,Login Time,上线时长,上線時間,アクセス時間,,,,,,
111004,,무기 소환,Summon Weapons,召唤武器,召喚武器,武器召喚,,,,,,
111005,,반지 소환,Summon rings,召唤戒指,召喚戒指,指輪召喚,,,,,,
111006,,던전 입장,Enter Dugn.,进入副本,進入副本,ダンジョン入場,,,,,,
111007,,광고 시청,Watch Ad,观看广告,觀賞廣告,広告視聴,,,,,,
111008,,주간퀘스트 완료,Complete Weekly Quest,完成每周任务,完成每週任務,ウィークリークエスト完了,,,,,,
111009,,보스 처치,Defeat Boss,击杀BOSS,消滅Boss,ボス撃破,,,,,,
111010,,봉인된 꽃 봉인 해제,Remove the seal on the Sealed Flower.,解除被封印的花,解除封印花上的封印,封印された花の封印を解除,,,,,,
111011,,누적 출석,Total Login,累计签到,累計簽到,累積ログインチェック,,,,,,
111012,,스탯 업그레이드,Status upgrade,能力值升级,能力值升級,ステータスのアップグレード,,,,,,
111013,,레벨 업,Level Up,升级,等級升級,レベルアップ,,,,,,
111014,,잠재 변경,Change Potential,更改潜在,變更潛在,潜在変更,,,,,,
111015,,유물 소환,Summon Relics,召唤圣物,召喚聖物,遺物召喚,,,,,,
111016,,몬스터 처치,Defeat Monster,击杀怪物,消滅怪物,モンスター撃破,,,,,,
111017,,공격력 상승,Reach Attack level,攻击力提升,提升攻擊力,攻撃力上昇,,,,,,
111018,,체력 상승,Reach HP level,体力提升,提升體力,体力上昇,,,,,,
111019,,스킬 소환,Summon Skill,召唤技能,召喚技能,スキル召喚,,,,,,
111020,,첫번째 스킬 장착,Equip First Skill,佩戴第一个技能,配置第一個技能,1番目のスキル装着,,,,,,
111021,,스테이지 완료,Complete Stage,完成关卡,完成關卡,ステージ完了,,,,,,
111022,,레벨 달성,Level Achieved,达成等级,達成等級,レベル達成,,,,,,
111023,,치명타 확률 상승,Incr. Critical Rate,暴击率提升,提升暴擊率,会心率上昇,,,,,,
111024,,치명타 데미지 상승,Incr. Critical Damage,暴击伤害提升,提升暴擊傷害,会心ダメージ上昇,,,,,,
111025,,무기 소환,Summon Weapon,召唤武器,召喚武器,武器召喚,,,,,,
111026,,무기 장착,Equip Weapon,佩戴武器,穿戴武器,武器装着,,,,,,
111027,,무기 합성,Combine Weapon,合成武器,合成武器,武器合成,,,,,,
111028,,무기 강화,Upgrade Weapon,强化武器,強化武器,武器強化,,,,,,
111029,,반지 소환,Summon Ring,召唤戒指,召喚戒指,指輪召喚,,,,,,
111030,,반지 장착,Equip Ring,佩戴戒指,穿戴戒指,指輪装着,,,,,,
111031,,반지 합성,Combine Ring,合成戒指,合成戒指,指輪合成,,,,,,
111032,,반지 강화,Upgrade Ring,强化戒指,強化戒指,指輪強化,,,,,,
111033,,각성석 던전 완료,Complete Awaken Stone Dugn.,完成觉醒石副本,完成覺醒石副本,覚醒石ダンジョン完了,,,,,,
111034,,무기 각성,Awaken Weapon,觉醒武器,覺醒武器,武器覚醒,,,,,,
111035,,반지 각성,Awaken Ring,觉醒戒指,覺醒戒指,指輪覚醒,,,,,,
111036,,스킬 강화석 던전 완료,Complete Skill Stone Dugn.,完成技能强化石副本,完成技能強化石副本,スキル強化石ダンジョン完了,,,,,,
111037,,스킬 강화,Upgrade Skill,强化技能,強化技能,スキル強化,,,,,,
111038,,스킬 각성,Awaken Skill,觉醒技能,覺醒技能,スキル覚醒,,,,,,
111039,,던전 완료,Complete Dugn.,完成副本,完成副本,ダンジョン完了,,,,,,
111040,,버프 받기,Get Buff,领取增益,取得增益效果,バフを受ける,,,,,,
111041,,레벨 포인트 사용,Use Level Points,使用等级点数,使用等級點數,レベルポイントの使用,,,,,,
111042,,시련 완료,Complete Trial,完成试验工试验,完成試驗工試驗,試練完了,,,,,,
111043,,시련 완료,Complete Trial,完成试验工试验,完成試驗工試驗,試練完了,,,,,,
111044,,펫 장착,Equip Pet,佩戴宠物,配置寵物,ペット装着,,,,,,
111045,,펫 던전 완료,Complete Pet Dugn.,完成宠物副本,完成寵物副本,ペットダンジョンの完了,,,,,,
111046,,꽃 봉인 해제,Unlock Flower Seal,解除花的封印,解除花封印,花の封印を解除,,,,,,
111047,,펫의 꽃 강화,Upgrade Flower of Pet,强化宠物之花,強化寵物之花,ペットの花の強化,,,,,,
111048,,펫 강화,Upgrade Pet,强化宠物,強化寵物,ペット強化,,,,,,
111049,,펫 각성,Awaken Pet,觉醒宠物,覺醒寵物,ペット覚醒,,,,,,
111050,,스킬 사용,Use Skill,使用技能,使用技能,スキル使用,,,,,,
111051,,자동 스킬 사용,Use Auto Skill,使用自动技能,使用自動技能,自動スキル使用,,,,,,
111052,,추천 무기 장착,Equip Suggested Weapon,佩戴推荐武器,穿戴推薦武器,おすすめ武器装着,,,,,,
111053,,추천 반지 장착,Equip Suggested Ring,佩戴推荐戒指,穿戴推薦戒指,おすすめ指輪装着,,,,,,
111054,,두번째 스킬 장착,Equip Second Skill,佩戴第二个技能,配置第二個技能,2番目のスキル装着,,,,,,
111055,,무기 강화,Upgrade Weapon,强化武器,強化武器,武器強化,,,,,,
111056,,반지 강화,Upgrade Ring,强化戒指,強化戒指,指輪強化,,,,,,
111057,,보석 소환,Summon Jewel,召唤宝石,召喚寶石,宝石召喚,,,,,,
111058,,신규 용사 미션 완료,New Hero's Mission Completed,新英雄任务完成,新英雄任務完成,新しいヒーローのミッションが完了しました,,,,,,
111059,,훈련장 완료,Training ground completed,训练场竣工,訓練場完工,練習場完成,,,,,,
111060,,잠재석 획득량 달성,Obtain Potential Stone,获得潜力石,獲得潛力石,潜在石入手,,,,,,
111061,,암시장 던전 완료,Black Market Dungeon Completed,黑市地下城已完成,黑市地下城已完成,ブラックマーケットダンジョンクリア,,,,,,
111062,,유물 강화,Relic Upgrade,遗物升级,遺物升級,レリックのアップグレード,,,,,,
112000,,광고 제거 패키지,Ad Removal Package,去除广告礼包,去除廣告禮包,広告削除パッケージ,,,,,,
112001,,다이아상자1,Diamond Box 1,钻石宝箱1,鑽石箱1,ダイヤボックス1,,,,,,
112002,,다이아상자2,Diamond Box 2,钻石宝箱2,鑽石箱2,ダイヤボックス2,,,,,,
112003,,다이아상자3,Diamond Box 3,钻石宝箱3,鑽石箱3,ダイヤボックス3,,,,,,
112004,,다이아상자4,Diamond Box 4,钻石宝箱4,鑽石箱4,ダイヤボックス4,,,,,,
112005,,다이아상자5,Diamond Box 5,钻石宝箱5,鑽石箱5,ダイヤボックス5,,,,,,
112006,,던전 티켓 패키지,Dugn. Ticket Package,副本入场券礼包,副本入場券禮包,ダンジョン入場券パッケージ,,,,,,
112007,,주간 각성석 던전 티켓,Weekly Awaken Stone Dugn. Ticket,每周觉醒石礼包,每週覺醒石禮包,週間覚醒石パッケージ,,,,,,
112008,,주간 스킬 강화석 던전 티켓,Weekly Skill Stone Dugn. Ticket,每周技能强化石礼包,每週技能強化石禮包,週間スキル強化石パッケージ,,,,,,
112009,,주간 펫 던전 티켓,Weekly Pet Dugn. Ticket,每周宠物副本入场券,每週寵物副本入場券,週間ペットダンジョン入場券,,,,,,
112010,,주간 암시장 코인 던전 티켓,Weekly Blackmacket Coin Dugn. Ticket,每周黑市金币地牢入场券,每週黑市金幣地牢入場券,週間闇市場コインダンジョン入場券,,,,,,
112011,,월간 각성석 던전 티켓,Monthly Awaken Stone Dugn. Ticket,每月觉醒石礼包,每月覺醒石禮包,月間覚醒石パッケージ,,,,,,
112012,,월간 스킬 강화석 던전 티켓,Monthly Skill Stone Dugn. Ticket,每月技能强化石礼包,每月技能強化石禮包,月間スキル強化石パッケージ,,,,,,
112013,,월간 펫 던전 티켓,Monthly Pet Dugn. Ticket,每月宠物副本入场券,每月寵物副本入場券,月間ペットダンジョン入場券,,,,,,
112014,,월간 암시장 코인 던전 티켓,Monthly Blackmacket Coin Dugn. Ticket,每月黑市金币地牢入场券,每月黑市金幣地牢入場券,月間闇市場コインダンジョン入場券,,,,,,
112015,,한정 찬스 패키지 1,Limited Chance Package 1,有限机会套餐1,機會有限套餐1,限定チャンスパッケージ 1,,,,,,
112016,,한정 찬스 패키지 2,Limited Chance Package 2,有限机会套餐2,機會有限套餐2,限定チャンスパッケージ 2,,,,,,
112017,,한정 찬스 패키지 3,Limited Chance Package 3,有限机会套餐3,機會有限套餐3,限定チャンスパッケージ 3,,,,,,
112018,,한정 찬스 패키지 4,Limited Chance Package 4,有限机会套餐4,機會有限套餐4,限定チャンスパッケージ 4,,,,,,
112019,,오픈 기념 패키지1,Open commemorative package 1,开启纪念套餐1,開啟紀念套餐1,オープン記念パッケージ1,,,,,,
112020,,오픈 기념 패키지2,Open commemorative package 2,开启纪念套餐2,開啟紀念套餐2,オープン記念パッケージ2,,,,,,
112021,,무기에 올인 패키지,All-in package for Weapons,武器包,武器包,武器にオールインパッケージ,,,,,,
112022,,반지에 올인 패키지,All-in package for Rings,戒指包,戒指包,指輪にオールインパッケージ,,,,,,
112023,,스킬에 올인 패키지,All-in package for Skills,技能包,技能包,スキルにオールインパッケージ,,,,,,
112024,,유물에 올인 패키지,All-in package for Relics,遗物包,遺物包,遺物にオールインパッケージ,,,,,,
112025,,카우보이 코스튬 패키지,Cowboy Costume Package,牛仔服装套餐,牛仔服裝套餐,カウボーイコスチュームパッケージ,,,,,,
112026,,해적 코스튬 패키지,Pirate Costume Package,海盗服装套餐,海盜服裝套餐,海賊コスチュームパッケージ,,,,,,
112027,,신규 용사를 위한 패키지,New Warrior Package,新战士礼包,新戰士禮包,新規勇者向けパッケージ,,,,,,
112028,,원석 패키지,Ore package,宝石包,寶石包,原石パッケージ,,,,,,
112029,,대용량 원석 패키지,Large capacity Ore package,大容量宝石包,大容量寶石包,大容量原石パッケージ,,,,,,
112030,,닌자 코스튬 패키지,Ninja Costume Package,忍者服装套餐,忍者服裝套餐,忍者コスチュームパッケージ,,,,,,
112031,,각성 패키지,Awakening Package,觉醒包,覺醒包,覚醒パッケージ,,,,,,
113000,,나뭇가지,Branch,分支,分支,木の枝,,,,,,
113001,,통나무,Log,日志,紀錄,丸太,,,,,,
113002,,나무 몽둥이,Wooden Club,棒槌,槌,木製クラブ,,,,,,
113003,,나무 배트,Wooden Bat,木棒,木棒,ウッドバット,,,,,,
113004,,목검,Wooden Sword,木剑,木劍,木剣,,,,,,
113005,,돌멩이,Stone,石头,石頭,石,,,,,,
113006,,뾰족한 돌맹이,Sharp Stone,锋利的石头,尖銳的石頭,ストーンハンマー,,,,,,
113007,,돌망치,Stone Hammer,石锤,石鎚,信頼の鎌,,,,,,
113008,,우산,Umbrellar,伞,傘,傘,,,,,,
113009,,망치,Hammer,锤子,錘子,ハンマー,,,,,,
113010,,죽도,bamboo sword,竹剑,竹劍,竹刀,,,,,,
113011,,알루미늄 배트,Aluminum Bat,铝棒,鋁棒,アルミバット,,,,,,
113012,,빠루,Crowbar,撬棍,撬棍,バール,,,,,,
113013,,야삽,Shovel,铲,鏟,シャベル,,,,,,
113014,,식칼,Kitchen Knife,菜刀,花椰菜刀,包丁,,,,,,
113015,,중식도,Chinese Kitchen Knife,中式菜刀,中國菜刀,中華包丁,,,,,,
113016,,후라이팬,Frying Pan,平底锅,平底鍋,フライパン,,,,,,
113017,,부러진 검,Broken Sword,断剑,斷劍,折れた剣,,,,,,
113018,,강철 검,Steel Sword,钢剑,鋼劍,鋼の剣,,,,,,
113019,,메이스,Mace,锤,槌,メース,,,,,,
113020,,소드브레이커,Sword Braker,断剑者,科佩什劍,ソードブレイカー,,,,,,
113021,,쿠크리,Kukri,库克里刀,庫克里刀,ククリ,,,,,,
113022,,코페쉬,Khopesh,科佩什剑,太古之鐮,ホペシュ,,,,,,
113023,,세이버,Saber,佩剑,佩劍,セイバー,,,,,,
113024,,플람바드,Flambard,焰形剑,焰形劍,フランベルジュ,,,,,,
113025,,레이피어,Rapier,礼剑,禮劍,レイピア,,,,,,
113026,,오크블레이드,Orc Blade,兽人之刃,獸人之刃,オークブレード,,,,,,
113027,,배틀액스,Battle Axe,战斧,戰斧,戦斧,,,,,,
113028,,글라디우스,Gladius,罗马剑,羅馬劍,グラディウス,,,,,,
113029,,사신의 낫,Death's Scythe,死神镰刀,死神鐮刀,死神の鎌,,,,,,
113030,,장미칼,Serration Knife,锯齿刀,鋸齒刀,鋸歯状ナイフ,,,,,,
113031,,엑스칼리버,Excalibur,神剑,神劍,エクスカリバー,,,,,,
113032,,광선검,Lightsaber,光剑,光劍,ライトセーバー,,,,,,
113033,,버섯왕의 검,Mushroom King's Sword,蘑菇王的剑,蘑菇王的劍,キノコ王の剣,,,,,,
113034,,대천사의 검,Archangel's Sword,大天使之剑,大天使之劍,大天使の剣,,,,,,
114000,,풀잎 반지,Grass Ring,草戒指,草戒指,グラス指輪,,,,,,
114001,,갈대 반지,Fried egg ring,簧片戒指,簧片戒指,リード指輪,,,,,,
114002,,민들레 반지,dandelion Ring,蒲公英戒指,蒲公英戒指,タンポポの指輪,,,,,,
114003,,세잎클로버 반지,Clover Ring,三叶草戒指,三葉草戒指,クローバー指輪,,,,,,
114004,,네잎클로버 반지,Four-leaf Clover Ring,四叶草戒指,四葉草戒指,四つ葉のクローバー指輪,,,,,,
114005,,은행잎 반지,Ginkgo leaves Ring,银杏叶戒指,銀杏葉戒指,銀杏の葉 指輪,,,,,,
114006,,단풍잎 반지,Maple leaf Ring,枫叶戒指,楓葉戒指,メープルリーフ指輪,,,,,,
114007,,나무 반지,Wodden Ring,木戒指,木戒指,木製指輪,,,,,,
114008,,대나무 반지,Bamboo Ring,竹戒指,竹戒,竹指輪,,,,,,
114009,,클립,Clip,夹戒指,夾戒指,クランプ指輪,,,,,,
114010,,돌 반지,Stone Ring,石戒指,石戒指,ストーン指輪,,,,,,
114011,,깨진 구슬 반지,Broken bead Ring,断珠戒指,斷珠戒指,壊れたビーズ指輪,,,,,,
114012,,쇠 반지,Steel Ring,铁戒指,鐵戒指,スチール指輪,,,,,,
114013,,황동 반지,Brass Ring,黄铜戒指,黃銅戒指,真鍮指輪,,,,,,
114014,,청금석 반지,Lapis lazuli Ring,青金石戒指,青金石戒指,青金石指輪,,,,,,
114015,,계란후라이,Fried egg Ring,煎鸡蛋指,煎蛋指,目玉焼き指輪,,,,,,
114016,,옥 반지,Jade ring,玉戒指,玉戒指,翡翠の指輪,,,,,,
114017,,얼음 반지,Ring of ICE ,冰戒指,冰戒指,氷の指輪,,,,,,
114018,,불 반지,Ring of Fire,火戒指,火戒指,炎の指輪,,,,,,
114019,,빛의 반지,Ring of Light,光戒指,光戒指,光の指輪,,,,,,
114020,,고통의 인장,Sigil of Pain,痛苦印记,痛苦印記,痛みの印章,,,,,,
114021,,죽음의 인장,Sigil of Death,死亡印记,死亡印記,死の印章,,,,,,
114022,,저주의 인장,Sigil of Curse,诅咒印记,詛咒印記,呪いの印章,,,,,,
114023,,사신의 인장,Sigil of Reaper,收割者印记,收割者印記,死神の印章,,,,,,
114024,,뫼비우스,Sigil of Moebius,莫比斯印记,莫比斯印記,メビウスの印章,,,,,,
114025,,룬 반지,Ring of Rune,符文戒指,符文戒指,ルーンの指輪,,,,,,
114026,,주술 반지,Witchcraft Ring,巫术戒指,巫術戒指,呪術指輪,,,,,,
114027,,태고 반지,Ancient Ring,远古戒指,遠古戒指,太古指輪,,,,,,
114028,,뱀 반지,Snake Ring,蛇戒指,蛇戒指,ヘビ指輪,,,,,,
114029,,용 반지,Dragon Ring,龙戒指,龍戒指,ドラゴン指輪,,,,,,
114030,,장미 반지,Rose Ring,玫瑰戒指,玫瑰戒指,ローズ指輪,,,,,,
114031,,스마트 반지,Smart Ring,智慧戒指,智慧戒指,スマート指輪,,,,,,
114032,,챔피언 반지,Champion Ring,冠軍戒指,冠軍戒指,チャンピオン指輪,,,,,,
114033,,버섯왕의 반지,Mushroom King's Ring,巨吉斯之戒,蘑菇王戒指,キノコ王の指輪,,,,,,
114034,,대천사의 반지,Archangel's Ring,大天使之戒指,大天使之戒指,大天使の指輪,,,,,,
114500,,녹슨 힘의 보석,Rusty Jewel of Power,生锈的力量之宝石,生鏽的力量之寶石,錆びた力の宝石,,,,,,
114501,,녹슨 능력의 보석,Rusty Jewel of Skill,生锈的技能之宝石,生鏽的技能之寶石,錆びたスキルの宝石,,,,,,
114502,,녹슨 강화의 보석,Rusty Jewel of Strike,生锈的打击之宝石,生鏽的打擊之寶石,錆びたストライク宝石,,,,,,
114503,,녹슨 광란의 보석,Rusty Jewel of Frenzy,生锈的疯狂之宝石,生鏽的瘋狂之寶石,錆びた狂乱の宝石,,,,,,
114504,,녹슨 이동의 보석,Rusty Jewel of Movement,生锈的运动之珠,生鏽的運動之寶石,錆びた動きの宝石,,,,,,
114505,,녹슨 힘의 보석,Rusty Jewel of Power,生锈的力量之珠,生鏽的力量之寶石,錆びた力の宝石,,,,,,
114506,,녹슨 능력의 보석,Rusty Jewel of Skill,生锈的技能之珠,生鏽的技能之寶石,錆びたスキルの宝石,,,,,,
114507,,녹슨 강화의 보석,Rusty Jewel of Strike,生锈的打击之珠,生鏽的打擊之寶石,錆びたストライク宝石,,,,,,
114508,,녹슨 광란의 보석,Rusty Jewel of Frenzy,生锈的疯狂之珠,生鏽的瘋狂之寶石,錆びた狂乱の宝石,,,,,,
114509,,녹슨 이동의 보석,Rusty Jewel of Movement,生锈的运动之珠,生鏽的運動之寶石,錆びた動きの宝石,,,,,,
114510,,힘의 보석,Jewel of Power,力量之珠,力量之寶石,力の宝石,,,,,,
114511,,능력의 보석,Jewel of Skill,技能之珠,技能之寶石,スキルの宝石,,,,,,
114512,,강화의 보석,Jewel of Strike,打击之珠,打擊之寶石,ストライク宝石,,,,,,
114513,,광란의 보석,Jewel of Frenzy,疯狂之珠,瘋狂之寶石,狂乱の宝石,,,,,,
114514,,이동의 보석,Jewel of Movement,运动之珠,運動之寶石,動きの宝石,,,,,,
114515,,힘의 보석,Jewel of Power,力量之珠,力量之寶石,力の宝石,,,,,,
114516,,능력의 보석,Jewel of Skill,技能之珠,技能之寶石,スキルの宝石,,,,,,
114517,,강화의 보석,Jewel of Strike,打击之珠,打擊之寶石,ストライク宝石,,,,,,
114518,,광란의 보석,Jewel of Frenzy,疯狂之珠,瘋狂之寶石,狂乱の宝石,,,,,,
114519,,이동의 보석,Jewel of Movement,运动之珠,運動之寶石,動きの宝石,,,,,,
114520,,힘의 보석,Jewel of Power,力量之珠,力量之寶石,力の宝石,,,,,,
114521,,능력의 보석,Jewel of Skill,技能之珠,技能之寶石,スキルの宝石,,,,,,
114522,,강화의 보석,Jewel of Strike,打击之珠,打擊之寶石,ストライク宝石,,,,,,
114523,,광란의 보석,Jewel of Frenzy,疯狂之珠,瘋狂之寶石,狂乱の宝石,,,,,,
114524,,이동의 보석,Jewel of Movement,运动之珠,運動之寶石,動きの宝石,,,,,,
114525,,빛나는 힘의 보석,Shining Jewel of Power,闪耀的力量之珠,閃耀的力量之寶石,輝く力の真珠,,,,,,
114526,,빛나는 능력의 보석,Shining Jewel of Skill,闪耀的技能之珠,閃耀的技能之寶石,輝くスキルの宝石,,,,,,
114527,,빛나는 강화의 보석,Shining Jewel of Strike,闪耀的打击之珠,閃耀的打擊之寶石,輝くストライク宝石,,,,,,
114528,,빛나는 광란의 보석,Shining Jewel of Frenzy,闪耀的疯狂之珠,閃耀的瘋狂之寶石,輝く狂乱の宝石,,,,,,
114529,,빛나는 이동의 보석,Shining Jewel of Movement,闪耀的运动之珠,閃耀的運動之寶石,輝く動きの宝石,,,,,,
114530,,빛나는 힘의 보석,Shining Jewel of Power,闪耀的力量之珠,閃耀的力量之寶石,輝く力の真珠,,,,,,
114531,,빛나는 능력의 보석,Shining Jewel of Skill,闪耀的技能之珠,閃耀的技能之寶石,輝くスキルの宝石,,,,,,
114532,,빛나는 강화의 보석,Shining Jewel of Strike,闪耀的打击之珠,閃耀的打擊之寶石,輝くストライク宝石,,,,,,
114533,,빛나는 광란의 보석,Shining Jewel of Frenzy,闪耀的疯狂之珠,閃耀的瘋狂之寶石,輝く狂乱の宝石,,,,,,
114534,,빛나는 이동의 보석,Shining Jewel of Movement,闪耀的运动之珠,閃耀的運動之寶石,輝く動きの宝石,,,,,,
115000,,유도 화살,Guided arrow,导引箭,導引箭,誘導矢,,,,,,
115001,,스모크,Smoke,抽烟,抽煙,煙,,,,,,
115002,,잔불,Ember,余烬,餘燼,残り火,,,,,,
115003,,별똥별,Shooting Star,流星,流星,流れ星,,,,,,
115004,,분쇄,grind,研磨,研磨,粉砕,,,,,,
115005,,역풍,Contrary Wind,逆风,逆風,逆風,,,,,,
115006,,다중 폭격,Multiple Bombing,多重轰炸,多重轟炸,多重爆撃,,,,,,
115007,,징벌,Punishment,惩罚,懲罰,処罰,,,,,,
115008,,마법 폭탄,Magic Bomb,魔法炸弹,魔法炸彈,魔法の爆弾,,,,,,
115009,,마력 집중,Explosion of Magic,魔力爆发,魔力爆發,魔力の爆発,,,,,,
115010,,얼음 장판,Ice Wave,冰波,冰波,氷の波,,,,,,
115011,,망령,Shade,鬼,鬼,亡霊,,,,,,
115012,,자기장,Magnetic Field,磁场,磁場,磁場,,,,,,
115013,,균열,Crack,裂缝,裂縫,亀裂,,,,,,
115014,,플라즈마 구체,Plasma Sphere,等离子球,電漿球,プラズマ球,,,,,,
115015,,눈보라,blizzard,暴风雪,暴風雪,猛吹雪,,,,,,
115016,,마법 칼날,Magic Blade,魔法之刃,魔法之刃,マジックブレード,,,,,,
115017,,방울 감옥,Water Drop Prison,水滴监狱,水滴監獄,水滴刑務所,,,,,,
115018,,빛의 장막,Curtain of Light,光幕,光幕,光のカーテン,,,,,,
115019,,녹색 폭발,Green Explosion,绿色爆炸,綠色霹靂,緑の爆発,,,,,,
115020,,마법 미사일,Magic Missile,魔法飞弹,魔法飛彈,マジックミサイル,,,,,,
115021,,불의 길,Path of Flame,火焰之路,火焰之路,炎の道,,,,,,
115022,,매직 서클,Magic Circle,魔法阵,魔法陣,魔法陣,,,,,,
115023,,운석 다발,Meteor,多颗流星,多顆流星,複数の流星,,,,,,
115024,,마력 결정체,Magic Crystal,魔法水晶,魔法水晶,マジッククリスタル,,,,,,
115025,,우주의 심판,Cosmic Judgment,宇宙审判,宇宙審判,宇宙の判断,,,,,,
115026,,천벌,Wrath of God,神罚,神罰,天罰,,,,,,
115027,,화산 폭발,Volcano Eruption,火山爆发,火山爆發,火山爆発,,,,,,
116000,,{0}%의 피해를 입힌다.,Inflicts {0}% damage.,造成 {0}% 伤害。,造成 {0}% 傷害。,{0}%のダメージを与えます。,,,,,,
116001,,{0}초간 {1}마다 {2}%의 피해를 입힌다.,Inflicts {2}% damage every {1} seconds for {0} seconds.,每 {1} 秒造成 {2}% 伤害，持续 {0} 秒。,每 {1} 秒造成 {2}% 傷害，持續 {0} 秒。,{0}秒間、{1}秒ごとに{2}%のダメージを与えます。,,,,,,
116002,,{0}초간 {1}마다 {2}%의 피해를 입힌다.,Inflicts {2}% damage every {1} seconds for {0} seconds.,每 {1} 秒造成 {2}% 伤害，持续 {0} 秒。,每 {1} 秒造成 {2}% 傷害，持續 {0} 秒。,{0}秒間、{1}秒ごとに{2}%のダメージを与えます。,,,,,,
116003,,{0}초의 스턴과 {1}%의 피해를 입힌다.,Stuns for {0} seconds and Inflicts {1}% damage.,眩晕 {0} 秒并造成 {1}% 伤害。,暈眩 {0} 秒並造成 {1}% 傷害。,{0}秒間気絶させ、{1}%のダメージを与える。,,,,,,
116004,,{0}초간 {1}마다 {2}%의 피해를 입힌다.,Inflicts {2}% damage every {1} seconds for {0} seconds.,每 {1} 秒造成 {2}% 伤害，持续 {0} 秒。,每 {1} 秒造成 {2}% 傷害，持續 {0} 秒。,{0}秒間、{1}秒ごとに{2}%のダメージを与えます。,,,,,,
116005,,{0}초간 {1}마다 {2}%의 피해를 입힌다.,Inflicts {2}% damage every {1} seconds for {0} seconds.,每 {1} 秒造成 {2}% 伤害，持续 {0} 秒。,每 {1} 秒造成 {2}% 傷害，持續 {0} 秒。,{0}秒間、{1}秒ごとに{2}%のダメージを与えます。,,,,,,
116006,,{0}개의 공격을 날리며 각각 {1}%의 피해를 입힌다.,"Makes {0} attacks, each dealing {1}% damage.",进行 {0} 次攻击，每次攻击造成 {1}% 的伤害。,進行 {0} 次攻擊，每次攻擊造成 {1}% 的傷害。,{0} 回の攻撃を行い、それぞれ {1}% のダメージを与えます。,,,,,,
116007,,{0}%의 피해를 입힌다.,Inflicts {0}% damage.,造成 {0}% 伤害。,造成 {0}% 傷害。,{0}%のダメージを与えます。,,,,,,
116008,,{0}%의 피해를 입힌다.,Inflicts {0}% damage.,造成 {0}% 伤害。,造成 {0}% 傷害。,{0}%のダメージを与えます。,,,,,,
116009,,{0}초의 스턴과 {1}%의 피해를 입힌다.,Stuns for {0} seconds and Inflicts {1}% damage.,眩晕 {0} 秒并造成 {1}% 伤害。,暈眩 {0} 秒並造成 {1}% 傷害。,{0}秒間気絶させ、{1}%のダメージを与える。,,,,,,
116010,,{0}초간 {1}마다 {2}%의 피해를 입힌다.,Inflicts {2}% damage every {1} seconds for {0} seconds.,每 {1} 秒造成 {2}% 伤害，持续 {0} 秒。,每 {1} 秒造成 {2}% 傷害，持續 {0} 秒。,{0}秒間、{1}秒ごとに{2}%のダメージを与えます。,,,,,,
116011,,{0}초간 {1}마다 {2}%의 피해를 입힌다.,Inflicts {2}% damage every {1} seconds for {0} seconds.,每 {1} 秒造成 {2}% 伤害，持续 {0} 秒。,每 {1} 秒造成 {2}% 傷害，持續 {0} 秒。,{0}秒間、{1}秒ごとに{2}%のダメージを与えます。,,,,,,
116012,,{0}초간 {1}마다 {2}%의 피해를 입힌다.,Inflicts {2}% damage every {1} seconds for {0} seconds.,每 {1} 秒造成 {2}% 伤害，持续 {0} 秒。,每 {1} 秒造成 {2}% 傷害，持續 {0} 秒。,{0}秒間、{1}秒ごとに{2}%のダメージを与えます。,,,,,,
116013,,{0}초간 {1}마다 {2}%의 피해를 입힌다.,Inflicts {2}% damage every {1} seconds for {0} seconds.,每 {1} 秒造成 {2}% 伤害，持续 {0} 秒。,每 {1} 秒造成 {2}% 傷害，持續 {0} 秒。,{0}秒間、{1}秒ごとに{2}%のダメージを与えます。,,,,,,
116014,,{0}초의 스턴과 {1}%의 피해를 입힌다.,Stuns for {0} seconds and Inflicts {1}% damage.,眩晕 {0} 秒并造成 {1}% 伤害。,暈眩 {0} 秒並造成 {1}% 傷害。,{0}秒間気絶させ、{1}%のダメージを与える。,,,,,,
116015,,{0}초간 {1}마다 {2}%의 피해를 입힌다.,Inflicts {2}% damage every {1} seconds for {0} seconds.,每 {1} 秒造成 {2}% 伤害，持续 {0} 秒。,每 {1} 秒造成 {2}% 傷害，持續 {0} 秒。,{0}秒間、{1}秒ごとに{2}%のダメージを与えます。,,,,,,
116016,,{0}%의 피해를 입힌다.,Inflicts {0}% damage.,造成 {0}% 伤害。,造成 {0}% 傷害。,{0}%のダメージを与えます。,,,,,,
116017,,{0}초의 스턴과 {1}%의 피해를 입힌다.,Stuns for {0} seconds and Inflicts {1}% damage.,眩晕 {0} 秒并造成 {1}% 伤害。,暈眩 {0} 秒並造成 {1}% 傷害。,{0}秒間気絶させ、{1}%のダメージを与える。,,,,,,
116018,,{0}초간 {1}마다 {2}%의 피해를 입힌다.,Inflicts {2}% damage every {1} seconds for {0} seconds.,每 {1} 秒造成 {2}% 伤害，持续 {0} 秒。,每 {1} 秒造成 {2}% 傷害，持續 {0} 秒。,{0}秒間、{1}秒ごとに{2}%のダメージを与えます。,,,,,,
116019,,{0}%의 피해를 입힌다.,Inflicts {0}% damage.,造成 {0}% 伤害。,造成 {0}% 傷害。,{0}%のダメージを与えます。,,,,,,
116020,,{0}%의 피해를 입힌다.,Inflicts {0}% damage.,造成 {0}% 伤害。,造成 {0}% 傷害。,{0}%のダメージを与えます。,,,,,,
116021,,{0}초간 {1}마다 {2}%의 피해를 입힌다.,Inflicts {2}% damage every {1} seconds for {0} seconds.,每 {1} 秒造成 {2}% 伤害，持续 {0} 秒。,每 {1} 秒造成 {2}% 傷害，持續 {0} 秒。,{0}秒間、{1}秒ごとに{2}%のダメージを与えます。,,,,,,
116022,,{0}초간 {1}마다 {2}%의 피해를 입힌다.,Inflicts {2}% damage every {1} seconds for {0} seconds.,每 {1} 秒造成 {2}% 伤害，持续 {0} 秒。,每 {1} 秒造成 {2}% 傷害，持續 {0} 秒。,{0}秒間、{1}秒ごとに{2}%のダメージを与えます。,,,,,,
116023,,{0}%의 피해를 입힌다.,Inflicts {0}% damage.,造成 {0}% 伤害。,造成 {0}% 傷害。,{0}%のダメージを与えます。,,,,,,
116024,,{0}초간 {1}마다 {2}%의 피해를 입힌다.,Inflicts {2}% damage every {1} seconds for {0} seconds.,每 {1} 秒造成 {2}% 伤害，持续 {0} 秒。,每 {1} 秒造成 {2}% 傷害，持續 {0} 秒。,{0}秒間、{1}秒ごとに{2}%のダメージを与えます。,,,,,,
116025,,{0}%의 피해를 입힌다.,Inflicts {0}% damage.,造成 {0}% 伤害。,造成 {0}% 傷害。,{0}%のダメージを与えます。,,,,,,
116026,,{0}개의 공격을 날리며 각각 {1}%의 피해를 입힌다.,"Makes {0} attacks, each dealing {1}% damage.",进行 {0} 次攻击，每次攻击造成 {1}% 的伤害。,進行 {0} 次攻擊，每次攻擊造成 {1}% 的傷害。,{0} 回の攻撃を行い、それぞれ {1}% のダメージを与えます。,,,,,,
116027,,{0}초간 {1}마다 {2}%의 피해를 입힌다.,Inflicts {2}% damage every {1} seconds for {0} seconds.,每 {1} 秒造成 {2}% 伤害，持续 {0} 秒。,每 {1} 秒造成 {2}% 傷害，持續 {0} 秒。,{0}秒間、{1}秒ごとに{2}%のダメージを与えます。,,,,,,
117000,,스킬 슬롯 2번 잠금 해제,Unlock Skill Slot No. 2,技能栏位2解锁,解鎖技能欄位2,スキルスロット2番のロック解除,,,,,,
117001,,스킬 슬롯 3번 잠금 해제,Unlock Skill Slot No. 3,技能栏位3解锁,解鎖技能欄位3,スキルスロット3番のロック解除,,,,,,
117002,,스킬 슬롯 4번 잠금 해제,Unlock Skill Slot No. 4,技能栏位4解锁,解鎖技能欄位4,スキルスロット4番のロック解除,,,,,,
117003,,펫 잠금 해제,Unlock Pet,宠物解锁,解鎖寵物,ペットのロック解除,,,,,,
117004,,캐릭터 메뉴 잠금 해제,Unlock Character Menu,角色菜单解锁,解鎖角色選單,キャラクターメニューのロック解除,,,,,,
117005,,무기 소환 잠금 해제,Unlock Weapon Summon,召唤武器解锁,解鎖召喚武器,武器召喚のロック解除,,,,,,
117006,,스킬 메뉴 잠금 해제,Unlock Skill Menu,技能菜单解锁,解鎖技能選單,スキルメニューのロック解除,,,,,,
117007,,레벨업 잠금 해제,Unlock Level Up,升级解锁,解鎖升級,レベルアップのロック解除,,,,,,
117008,,스킬 소환 잠금 해제,Unlock Skill Summon,技能召唤解锁,解鎖召喚技能,スキル召喚のロック解除,,,,,,
117009,,가방 메뉴 잠금 해제,Unlock Inventory Menu,背包菜单解锁,解鎖背包選單,カバンメニューのロック解除,,,,,,
117010,,반지 소환 잠금 해제,Unlock Ring Summon,召唤戒指解锁,解鎖召喚戒指,指輪召喚のロック解除,,,,,,
117011,,반지 메뉴 잠금 해제,Unlock Ring Menu,戒指菜单解锁,解鎖戒指選單,指輪メニューのロック解除,,,,,,
117012,,스킬 강화석 던전 잠금 해제,Unlock Skill Stone Dugn.,技能强化石副本解锁,解鎖技能強化石副本,スキル強化石ダンジョンのロック解除,,,,,,
117013,,각성석 던전 잠금 해제,Unlock Awaken Stone Dugn.,觉醒石副本解锁,解鎖覺醒石副本,覚醒石ダンジョンのロック解除,,,,,,
117014,,펫 던전 잠금 해제,Unlock Pet Dugn.,宠物副本解锁,解鎖寵物副本,ペットダンジョンのロック解除,,,,,,
117015,,자동 스킬 잠금 해제,Unlock Auto Skill,自动技能解锁,解鎖自動技能,自動スキルのロック解除,,,,,,
117016,,펫 슬롯 2번 잠금 해제,Unlock Pet Slot No. 2,宠物栏位2解锁,解鎖寵物欄位2,ペットスロット2番のロック解除,,,,,,
117017,,펫 슬롯 3번 잠금 해제,Unlock Pet Slot No. 3,宠物栏位3解锁,解鎖寵物欄位3,ペットスロット3番のロック解除,,,,,,
117018,,펫 슬롯 4번 잠금 해제,Unlock Pet Slot No. 4,宠物栏位4解锁,解鎖寵物欄位4,ペットスロット4番のロック解除,,,,,,
117019,,암시장 코인 던전 잠금 해제,Unlock BlackMarket Coin Dugn.,黑市金币地牢解锁,解鎖黑市金幣地牢,闇市場コインダンジョンのロック解除,,,,,,
117020,,다이아 던전 잠금 해제,Unlock Diamond Dugn.,钻石地牢解锁,解鎖鑽石地牢,ダイヤダンジョンのロック解除,,,,,,
117021,,잠재 메뉴 잠금 해제,Unlock Potential Menu,解锁潜在菜单,解鎖潛在選單,潜在メニューのロック解除,,,,,,
117022,,유물 메뉴 잠금 해제,Unlock Relic Menu,遗物菜单解锁,解鎖遺物選單,遺物メニューのロック解除,,,,,,
117023,,유물 소환 잠금 해제,Unlock Relic Summon,召唤遗物解锁,解鎖召喚遺物,遺物召喚のロック解除,,,,,,
117024,,보석 메뉴 잠금 해제,Unlock Jewel Menu,宝石菜单解锁,解鎖寶石選單,宝石メニューのロック解除,,,,,,
117025,,보석 소환 잠금 해제,Unlock Jewel Summon,召唤宝石解锁,解鎖召喚寶石,宝石召喚のロック解除,,,,,,
117026,,암시장 메뉴 잠금 해제,Unlock Black Market Menu,黑市菜单解锁,解鎖黑市選單,闇市場メニューのロック解除,,,,,,
117027,,수련 잠금 해제,Unlock Training Ground,训练场解锁,解鎖訓練場,修練場のロック解除,,,,,,
119000,,다이아,Diamond,钻石,鑽石,ダイヤ,,,,,,
119001,,골드,Gold,金币,金幣,ゴールド,,,,,,
119002,,무기 강화석,Weapon Stone,武器强化石,武器強化石,武器強化石,,,,,,
119003,,각성석,Awaken Stone,觉醒石,覺醒石,覚醒石,,,,,,
119004,,반지 강화석,Ring Stone,戒指强化石,戒指強化石,指輪強化石,,,,,,
119005,,스킬 강화석,Skill Stone,技能强化石,技能強化石,スキル強化石,,,,,,
119006,,펫 강화석,Pet Stone,宠物强化石,寵物強化石,ペット強化石,,,,,,
119007,,레벨업 포인트,Level-up Point,升级点数,升級點數,レベルアップポイント,,,,,,
119008,,스킬 강화석 던전 입장권,Skill Stone Dugn. Ticket,技能强化石副本入场券,技能強化石副本入入場券,スキル強化石ダンジョン入場券,,,,,,
119009,,각성석 던전 입장권,Awaken Stone Dung. Ticket,觉醒石副本入场券,覺醒石副本入場券,覚醒石ダンジョン入場券,,,,,,
119010,,펫 던전 입장권,Pet Dung. Ticket,宠物副本入场券,寵物副本入場券,ペットダンジョン入場券,,,,,,
119011,,암시장 코인 던전 입장권,BlackMarket Coin Dung. Ticket,黑市金币地牢入场券,黑市金幣地牢入場券,闇市場コインダンジョン入場券,,,,,,
119012,,다이아 던전 입장권,Diamond Dung. Ticket,钻石地牢入场券,鑽石地牢入場券,ダイヤダンジョン入場券,,,,,,
119013,,광고 제거,Remove Ad,去除广告,去除廣告,広告削除,,,,,,
119014,,경험치,EXP,经验值,經驗值,経験値,,,,,,
119015,,마일리지,Mileage,积分,積分,マイレージ,,,,,,
119016,,잠재석,Potential Stone,潜在石,潛在石,潜在石,,,,,,
119017,,무기 소환권,Weapon Summon Ticket,武器召唤券,武器召喚券,武器召喚チケット,,,,,,
119018,,반지 소환권,Ring Summon Ticket,戒指召唤券,戒指召喚券,指輪召喚チケット,,,,,,
119019,,스킬 소환권,Skill Summon Ticket,技能召唤券,技能召喚券,スキル召喚チケット,,,,,,
119020,,유물 소환권,Relic Summon Ticket,圣物召唤券,聖物召喚券,遺物召喚チケット,,,,,,
119021,,보석 소환권,Jewel Summon Ticket,宝石召唤券,寶石召喚券,宝石召喚チケット,,,,,,
119022,,원석,Ore,矿石,礦石,鉱石,,,,,,
120000,,민들레,Dandelion,蒲公英,蒲公英,タンポポ,,,,,,
120001,,딸기,Strawberry,草莓,草莓,いちご,,,,,,
120002,,감귤,Mandarin,橘子,橘子,みかん,,,,,,
120003,,수박,Watermelon,西瓜,西瓜,スイカ,,,,,,
120004,,당근,Carrot,胡萝卜,紅蘿蔔,にんじん,,,,,,
120005,,토마토,Tomato,番茄,番茄,タンキー,,,,,,
120006,,호박,Pumpkin,南瓜,南瓜,かぼちゃ,,,,,,
120007,,치즈,Cheese,奶酪,起司,チーズ,,,,,,
120008,,꿀벌,Honey Bee,蜜蜂,蜜蜂,ミツバチ,,,,,,
120009,,햄스터,Hamster,仓鼠,倉鼠,ハムスター,,,,,,
120010,,다람쥐,Squirrel,松鼠,松鼠,リス,,,,,,
120011,,닭,Chicken,鸡,雞,鶏,,,,,,
120012,,고양이,Dra-toad,猫,貓,猫,,,,,,
120013,,아기용,Baby Dragon,龙宝宝,龍寶寶,ベイビードラゴン,,,,,,
121000,,슬라임,Slime,史莱姆,史萊姆,スライム,,,,,,
121001,,코르크 슬라임,Cork Slime,软木史莱姆,軟木史萊姆,コルクスライム,,,,,,
121002,,방패 슬라임,Shield Slime,盾牌史莱姆,盾牌史萊姆,盾スライム,,,,,,
121003,,삐죽 슬라임,Spiky Slime,尖刺史莱姆,尖刺史萊姆,とげとげスライム,,,,,,
121004,,독 슬라임,Poison Slime,剧毒史莱姆,毒史萊姆,毒スライム,,,,,,
121005,,파리슬라임,FlySlime,苍蝇史莱姆,蒼蠅史萊姆,ハエスライム,,,,,,
121006,,칼 버섯,Knife Mushroom,刀蘑,刀蘑菇,刃きのこ,,,,,,
121007,,도끼 버섯,Axe Mushroom,斧蘑,斧頭菇,斧きのこ,,,,,,
121008,,베테랑 버섯,Veteran Mushroom,老手蘑菇,老手蘑菇,ベテランきのこ,,,,,,
121009,,활 버섯,Bow Mushroom,弓蘑,弓蘑菇,弓きのこ,,,,,,
121010,,인디밴드거북이,Indieband Turtle,独立乐队乌龟,獨立樂團烏龜,インディバンドカメ,,,,,,
121011,,독독 개구리,Poison Frog,毒毒青蛙,毒毒青蛙,毒毒カエル,,,,,,
121012,,돌돌 개구리,Stone Frog,石石青蛙,石石青蛙,石石カエル,,,,,,
121013,,칼칼 개구리,Knife Frog,刀刀青蛙,刀刀青蛙,刃刃カエル,,,,,,
121014,,활활 개구리,Bow Frog,弓弓青蛙,弓弓青蛙,弓弓カエル,,,,,,
121015,,무우,Radish,萝卜,蘿蔔,ダイコン,,,,,,
121016,,흡혈무우,Vampire Radish,吸血萝卜,吸血蘿蔔,吸血ダイコン,,,,,,
121017,,비홀더무우,Beholder Radish,旁观者萝卜,監視者蘿蔔,ビホルダーダイコン,,,,,,
121018,,삼지무우,Trident Radish,三叉戟萝卜,三叉戟蘿蔔,フォークダイコン,,,,,,
121019,,피그슬레이어,Pig Slayer,屠猪杀手,屠豬者,ピッグスレイヤー,,,,,,
121020,,산적으로 때리는 산적오크 ,Bandit Orc,强盗兽人,強盜獸人,盗賊オーク,,,,,,
121021,,아마복서캥거루,Amateur Boxer Kangaroo,业余拳击手袋鼠,業餘拳擊手袋鼠,アマチュアボクサーカンガルー,,,,,,
121022,,돼지술사,Pig Sorcerer,猪术士,豬巫師,豚術師,,,,,,
121023,,해골까마귀,Skeleton Raven,头骨乌鸦,頭骨烏鴉,頭蓋骨のカラス,,,,,,
121024,,산적왕 산적오크 ,Venom Frog King,兽人强盗王,獸人強盜王,山賊王オーク,,,,,,
121025,,대검 해골까마귀왕,Greatsword Skeleton Raven King,巨剑骷髅乌鸦王,巨劍骷髏烏鴉王,大剣スケルトンカラス王,,,,,,
121026,,프로복서캥거루,Professional Boxer Kangaroo,职业拳击手袋鼠,職業拳擊手袋鼠,プロボクサーのカンガルー,,,,,,
121027,,파리대왕슬라임,Lord of the Flies-Slime,苍蝇王史莱姆,蒼蠅王史萊姆,ハエ大王スライム,,,,,,
121028,,프로기타리스트거북이,Professional Guitarist Turtle,职业吉他手乌龟,職業吉他手烏龜,プロギタリストカメ,,,,,,
122000,,일반 브론즈 꽃,Common Bronze Book,普通青铜书,普通銅書,一般ブロンズの本,,,,,,
122001,,일반 실버 꽃,Common Silver Book,普通白银书,普通銀書,一般シルバーの本,,,,,,
122002,,일반 골드 꽃,Common Gold Book,普通黄金书,普通金書,一般ゴールドの本,,,,,,
122003,,일반 다이아 꽃,Common Diamond Book,普通钻石书,普通鑽石書,一般ダイヤの本,,,,,,
122004,,봉인된 쟈스민,Sealed Jasmine,被封印的茉莉花,封印的茉莉花,封印されたジャスミン,,,,,,
122005,,봉인된 벚꽃,Sealed Cherry Blossom,被封印的樱花,封印的櫻花,封印された桜,,,,,,
122006,,봉인된 국화,Sealed Chrysanthemum,被封印的菊花,封印的菊花,封印された菊,,,,,,
122007,,봉인된 만다라화,Sealed Mandala flower,被封印的曼陀罗花,封印的曼陀羅花,封印されたマンダラの花,,,,,,
122008,,펫의 꽃,Flower of Pet,宠物之花,寵物之花,ペットの花,,,,,,
123000,,동글동글 안경,Round Glasses,圆框眼镜,圓框眼鏡,丸メガネ,,,,,,
123001,,뾰족한 선글라스,Pointy Sunglasses,尖头太阳镜,尖頭太陽眼鏡,とんがりサングラス,,,,,,
123002,,거대한 이어폰,Giant Earphones,巨型耳机,巨型耳機,巨大なイヤホン,,,,,,
123003,,게임 헤드셋,Gaming Headset,游戏耳机,遊戲耳機,ゲーミングヘッドセット,,,,,,
123004,,풍성한 수염,A full Beard,满脸胡须,滿臉鬍鬚,完全なひげ,,,,,,
123005,,로빈훗 모자,Robin Hood hat,罗宾汉帽子,羅賓漢帽子,ロビンフッドの帽子,,,,,,
123006,,기사의 투구,Kight's Helmet,骑士的头盔,騎士的頭盔,騎士の兜,,,,,,
123011,,카우보이,Cowboy,牛仔,牛仔,カウボーイ,,,,,,
123012,,서부의 총,Wild Western Gun,狂野西部枪,狂野西部槍,ウェスタンガン,,,,,,
123019,,해적,Pirate,海盗,海盜,海賊,,,,,,
123020,,커틀러스,Cutlass,弯刀,彎刀,カットラス,,,,,,
123021,,신규 용사를 위한 안내서 완료를 통해 얻을 수 있는 상품입니다.,This product can be obtained by completing the Guide for New Heros.,该产品可以通过完成新英雄指南来获得。,該產品可以透過完成新英雄指南來獲得。,この製品は、新しい英雄のためのガイドを完了することで入手できます。,,,,,,
123022,,닌자,Ninja,忍者,忍者,忍者,,,,,,
123023,,슈리켄,Shuriken,手里剑,手裡劍,シュリケン,,,,,,
124000,,진군의 뿔피리,Horn of Advance,前进号角,前進號角,前進の角笛,,,,,,
124001,,안식의 종,Bell of Rest,休息钟声,休息鐘聲,休息の鐘,,,,,,
124002,,평화의 연꽃,Lotus of Peace,和平莲花,和平蓮花,平和の蓮,,,,,,
124003,,별을 담은 물병,Water bottle with Stars,有星星的水瓶,有星星的水瓶,星を入れた水のボトル,,,,,,
124004,,몸에 좋은 영양제,Nutrients,对身体有益的营养素,對身體有益的營養素,体に良い栄養剤,,,,,,
124005,,독수리의 깃털,Eagle Feather,鹰的羽毛,鷹的羽毛,ワシの羽,,,,,,
124006,,체리 컵케이크,Cherry Cupcakes,樱桃蛋糕,櫻桃蛋糕,チェリーカップケーキ,,,,,,
124007,,눈 결정,Snow Crystals,雪晶,雪晶,雪の結晶,,,,,,
124008,,발모제,Hair Growth Agent,毛发生长剂,毛髮生長劑,発毛剤,,,,,,
124009,,발모샴푸,Hair Growth Shampoo,生发洗发水,生髮洗髮精,バルモシャンプー,,,,,,
124010,,파란 심장,Blue Heart,蓝心,藍心,ブルーハート,,,,,,
124011,,지혜를 담은 책,Book of Wisdom,一本充满智慧的书,一本充滿智慧的書,知恵を込めた本,,,,,,
124012,,고대의 술잔,Ancient Cup,古代饮酒杯,古代飲酒杯,古代の酒杯,,,,,,
124013,,마녀의 솥,Witch's Cauldron,女巫的大锅,女巫的大鍋,魔女の大釜,,,,,,
124014,,사냥꾼의 활,Hunter's Bow,猎人的弓,獵人的弓,ハンターの弓,,,,,,
124015,,목수의 장갑,Carpenter's Gloves,木匠手套,木匠手套,大工の手袋,,,,,,
124016,,라벤더빛 모자,Lavender Hat,薰衣草帽,薰衣草帽,ラベンダーハット,,,,,,
124017,,버섯왕의 왕관,Mushroom King's Crown,蘑菇王的皇冠,蘑菇王的皇冠,キノコの王冠,,,,,,
124018,,대천사의 서클릿,Archangel's Circlet,大天使的头饰,大天使的頭飾,大天使のサークレット,,,,,,
200000,,존재하지 않는 쿠폰 번호입니다.,Invalid coupon number.,该优兑换码不存在。,不存在的優惠券編號。,存在しないクーポン番号です。,,,,,,
200001,,이미 사용한 쿠폰입니다.,The coupon has already been used.,该兑换码已使用。,已使用過的優惠券。,使用済みクーポンです。,,,,,,
200002,,일괄합성에 성공했습니다.,Successfully used the bundle combination.,一键合成成功。,已成功批次合成。,一括合成に成功しました。,,,,,,
200003,,아이디를 복사했습니다.,ID copied successfully.,已复制ID。,已複製ID。,IDをコピーしました。,,,,,,
200004,,플레이 데이터를 저장했습니다.,Data saved successfully.,已保存游戏数据。,已儲存遊戲數據。,プレイデータを保存しました。,,,,,,
200005,,{0}초 뒤 저장할 수 있습니다.,Please wait {0} second(s) to save.,{0}秒后可保存。,{0}秒後可儲存。,{0}秒後に保存できます。,,,,,,
200006,,획득 가능한 보상이 없습니다.,No available rewards.,无可获得的奖励。,沒有可獲得的獎勵。,獲得できる報酬がありません。,,,,,,
200007,,가이드 퀘스트를 클리어했습니다.,Guide Quest has been completed.,已完成教程任务。,已通過指引任務。,ガイドクエストをクリアしました。,,,,,,
200008,,곧 적들이 몰려옵니다.,Enemies are approaching soon.,敌人即将来袭。,敵人就快逼近了。,まもなく敵が押し寄せてきます。,,,,,,
200009,,이전 시련부터 진행해주세요.,Please complete the previous Trial first.,请先进行上一个试验。,請先完成上一個試驗。,前段階からまず試練させてください。,,,,,,
200010,,{0} 스테이지를 클리어해주세요.,Please clear Stage {0}.,请通关{0}关卡。,請通過{0}關卡。,{0}ステージをクリアしてください。,,,,,,
200011,,던전 진행 중에는 시련에 도전할 수 없습니다.,You can't try this Trial while a dungeon is in progress.,进行副本时无法试验。,正在進行副本時，無法挑戰試驗。,ダンジョンの進行中は試練に挑戦することができません。,,,,,,
200012,,칭호 {0} 를 얻었습니다.,{0} Title acquired.,已获得{0}称号。,已獲得稱號{0}。,称号{0}を獲得しました。,,,,,,
200013,,알 수 없는 오류가 발생했습니다.,An unknown error has occurred.,发生未知错误。,發生未知錯誤。,不明なエラーが発生しました。,,,,,,
200014,,잘못된 계정입니다.,Invalid account.,账号错误。,錯誤的帳號。,正しくないアカウントです。,,,,,,
200015,,이미 사용 중인 닉네임입니다.,The nickname is already in use.,该昵称已被使用。,該暱稱已被使用。,すでに使用されているニックネームです。,,,,,,
200016,,적절하지 않은 닉네임입니다.,Inappropriate nickname.,昵称违规。,不適當的暱稱。,適切ではないニックネームです。,,,,,,
200017,,스킬 프리셋을 먼저 해금해주세요.,Please unlock the skill preset first.,请先解锁技能预设。,請先解鎖預設技能。,先にスキルプリセットを解禁してください。,,,,,,
200018,,각성이 필요합니다.,Awaken is required.,需进行觉醒。,需要覺醒。,覚醒が必要です。,,,,,,
200019,,오프라인 보상을 받았습니다.,Offline reward collected.,已获得离线奖励。,已收到離線獎勵。,オフライン報酬を受け取りました。,,,,,,
200020,,이전 단계의 패스를 완료하세요.,Please complete the previous pass first.,请完成上一级别的通行证。,請完成上一階段的通行證。,前段階のパスを完了してください。,,,,,,
200021,,빈 제단이 없습니다.,There is no empty altarf.,没有空的祭坛。,沒有空的祭壇。,空のアルタルフなど存在しない。,,,,,,
200022,,봉인된 꽃을 선택해 주세요.,Please select a sealed Flower.,请选择被封印的花。,請選擇封印的花。,封印された花を選択してください。,,,,,,
200023,,제단이 해금되었습니다.,The altarf has been unlocked.,祭坛已解锁。,祭壇已解鎖。,アルタルフのロックが解除されました。,,,,,,
200024,,구매에 실패했습니다.,Purchase failed.,购买失败。,購買失敗。,購入に失敗しました。,,,,,,
200025,,보스전용 스킬 프리셋으로 설정되었습니다.,The boss-specific skill preset has been set.,已设置为BOSS专属技能预设。,已設置為BOSS專用預設技能。,ボス専用スキルプリセットに設定されました。,,,,,,
200026,,이전 스킬 프리셋 슬롯을 먼저 해금해주세요.,Please unlock the previous skill preset slot first.,请先解锁之前的技能预设栏位。,請先解鎖之前的預設技能欄位。,以前のスキルプリセットスロットを先に解禁してください。,,,,,,
200027,,스킬 프리셋 슬롯이 해금되었습니다.,Skill preset slot has been unlocked.,技能预设栏位已解锁。,已解鎖預設技能欄位。,スキルプリセットスロットが解禁されました。,,,,,,
200028,,던전에서는 스킬을 변경할 수 없습니다.,You can't change skills while in a dungeon.,副本中无法更改技能。,在副本中無法變更技能。,ダンジョンではスキルの変更ができません。,,,,,,
200029,,"{0} 통과 시, 이용 가능합니다.",Available upon passing {0}.,通过 {0} 后即可使用。,通過 {0} 後即可使用。,{0} 通過時、利用可能です。,,,,,,
200030,,"{0} 스테이지 진입 시, 이용 가능합니다.",Available when you enter Stage {0}.,进入{0}关卡时可使用。,進入{0}關卡時，即可使用。,{0}ステージへの進入時に利用できます。,,,,,,
200031,,"메인 퀘스트 {0} 완료 시, 이용 가능합니다.",Available when you complete {0} main quest.,完成主线任务{0}后可使用。,完成主要任務{0}時，即可使用。,メインクエスト{0}の完了時に利用できます。,,,,,,
200032,,구매에 성공했습니다.,Purchase successful.,购买成功。,成功購買。,購入に成功しました。,,,,,,
200033,,펫 던전에서는 펫을 변경할 수 없습니다.,You can't change Pets in the Pet Dugn..,宠物副本中无法更改宠物。,在寵物副本中無法變更寵物。,ペットダンジョンではペットの変更ができません。,,,,,,
200034,,이미 추천 장비를 장착하고 있습니다.,The suggested equipment is already equipped.,已佩戴推荐装备。,已穿戴推薦的裝備。,すでにおすすめ装備を装着しています。,,,,,,
200035,,"펫의 꽃 레벨 {0} 달성 시, 이용 가능합니다.",Available when you reach Flower of Pet Lv. {0}.,宠物之花等级达成{0}时可使用。,寵物之花達成Lv.{0}時，即可使用。,ペットの花レベル{0}の達成時に利用できます。,,,,,,
200036,,이미 모든 우편 보상을 받았습니다.,You already collected all rewards in the Mail.,已领取全部邮件奖励。,已領取所有郵件獎勵。,すべてのメール報酬を受け取っています。,,,,,,
200037,,우편함에 상품이 도착하였습니다.,A new item has been sent to your Mail.,商品已发送至邮箱。,信箱裡已收到商品。,メールボックスに商品が届きました。,,,,,,
200038,,필요 재화가 부족합니다.,Not enough goods.,所需货币不足。,所需貨幣不足。,必要な財貨が足りません。,,,,,,
200039,,이미 사용 중인 닉네임입니다.,Nickname is already in use.,该昵称已被使用。,該暱稱已被使用。,すでに使用されているニックネームです。,,,,,,
200040,,시련 진행 중에는 던전에 도전할 수 없습니다.,You can't enter a dungeon while this Trial is in progress.,进行试验时无法挑战副本。,正在進行試驗時，無法挑戰副本。,試練進行中はダンジョンに挑戦することができません。,,,,,,
200041,,현재는 자동진행 상태를 변경할 수 없습니다.,You can't change Auto Play status right now.,当前无法更改自动进行状态。,現在無法變更自動進行狀態。,現在は自動進行状態の変更ができません。,,,,,,
200042,,스킬 범위 내에 적이 없습니다,No enemies within the range.,技能范围内没有敌人。,技能範圍內沒有敵人。,スキルの範囲内に敵がいません。,,,,,,
200043,,소탕을 할 수 없는 레벨입니다.,You can't use Auto-Clear at your current level.,该等级无法扫荡。,目前等級無法進行掃蕩。,掃討できないレベルです。,,,,,,
200044,,"닉네임을 정확히 입력해주세요,.",Please enter a correct nickname.,请输入正确的昵称。,請正確輸入暱稱。,ニックネームを正確に入力してください。,,,,,,
200045,,[넥스트올] {0} 알림 수신에 동의하셨습니다.,[RainbowRabbit] {0} You have agreed to receive notifications.,已同意接收【彩虹兔】{0}通知。,已同意接收[彩虹兔]{0}通知。,[虹ウサギ]{0}通知の受信に同意しました。,,,,,,
200046,,[넥스트올] {0} 알림 수신에 거부하셨습니다.,[RainbowRabbit] {0} You refused to receive notifications.,已拒绝接收【彩虹兔】{0}通知。,已拒絕接收[彩虹兔]{0}通知。,[虹ウサギ]{0}通知の受信を拒否しました。,,,,,,
200047,,[넥스트올] {0} 야간 알림 수신에 동의하셨습니다.,[RainbowRabbit] {0} You have agreed to receive night-time notifications.,已同意接收【彩虹兔】{0}夜间通知。,已同意接收[彩虹兔]{0}夜間通知。,[虹ウサギ]{0}夜間通知の受信に同意しました。,,,,,,
200048,,[넥스트올] {0} 야간 알림 수신에 거부하셨습니다.,[RainbowRabbit] {0} You refused to receive night-time notifications.,已拒绝接收【彩虹兔】{0}夜间通知。,已拒絕接收[彩虹兔]{0}夜間通知。,[虹ウサギ]{0}夜間通知の受信を拒否しました。,,,,,,
200049,,영상 재생에 오류가 발생했습니다. 영상을 종료해주세요.,"There was an error playing the video, please end the video.",播放视频时出现错误。请关闭视频。,播放影片時發生錯誤，請關閉影片。,動画再生に関するエラーが発生しました。動画を終了させてください。,,,,,,
200050,,앱 내 구입 기능이 차단이 되어 구매가 불가합니다. 해제 후 다시 시도해 주세요. (설정 > 스크린 타임 > 콘텐츠 및 개인 정보 보호 제한 > iTunes 및 App Store 구입 > 앱 내 구입),You can't make a purchase because the in-app purchase feature has been blocked. Please unblock the feature and try again. (Settings > Screen Time > Content & Privacy Restrictions > iTunes & App Store Purchases > In-app Purchases),应用内的购买功能关闭，无法购买。请解锁后重试。（设置 > 屏幕时间 > 内容及隐私政策限制 > iTunes和App Store购买 > 应用内购买）,已關閉APP內購買功能，無法購買。請解除限制後再試一次。（設定>螢幕使用時間>內容和隱私權限制> iTunes與App Store購買>APP內購買）,アプリ内課金機能が遮断されており、購入ができません。解除後にもう一度お試しください(設定 > スクリーンタイム > コンテンツとプライバシーの制限 > iTunesおよびApp Storeでの購入 > アプリ内課金)。,,,,,,
200051,,구매 처리 중 문제가 발생하였습니다. 구매를 재시도해주세요.,There was a problem processing your purchase. Please retry the purchase.,购买处理过程中发生问题。请重新购买。,處理購買時出現問題，請重新購買。,購入の処理中に問題が発生しました。購入を再度お試しください。,,,,,,
200052,,구매 복구 처리 중 문제가 발생하였습니다. 다음게임 재시작시 구매 복구가 재처리 됩니다.,There was a problem processing the purchase recovery. Purchase recovery will be reprocessed at the next game restart.,恢复购买过程中发生问题。下次重新开始游戏时将重新进行恢复购买。,處理恢復購買時出現問題。將在下次重啟遊戲時重新處理恢復購買。,購入復元の処理中に問題が発生しました。ゲームを再起動する際に購入復元が再処理されます。,,,,,,
200053,,구매가 이미 진행중입니다.,The purchase is already in progress.,正在购买中。,正在進行購買中。,購入している途中です。,,,,,,
200054,,로그인 기능이 이미 사용 중입니다. 잠시 후 재 시도 해주세요.,The login feature is already in use. Please try again later.,登录功能正在使用。请稍后重试。,已使用登入功能中，請稍後再試一次。,ログイン機能はすでに使用されています。しばらくしてからお試しください。,,,,,,
200055,,계정 연동에 성공했습니다.,Account connection successful.,绑定账号成功。,帳號綁定成功。,アカウント連携に成功しました。,,,,,,
200056,,계정 연동에 실패했습니다.,Account linkage failed.,绑定账号失败。,帳號綁定失敗。,アカウント連携に失敗しました。,,,,,,
200057,,최대 스테이지에 도달했습니다.,The maximum stage has been reached.,已到达关卡上限。,已達到最高關卡。,最大ステージに到達しました。,,,,,,
200058,,광고 로딩 중입니다. 잠시 후 다시 시도해주세요.,The ad is loading. Please try again later.,正在加载广告。请稍后重试。,正在載入廣告，請稍後再試一次。,広告を呼び出しています。しばらくしてからお試しください。,,,,,,
200059,,사용 불가능한 닉네임입니다.,This nickname is not available.,该昵称无法使用。,無法使用的暱稱。,使用できないニックネームです。,,,,,,
200060,,모든 잠재가 잠겨있습니다.,All Potential are locked.,所有潜在未解锁。,所有潛在都被鎖定。,すべての潜在がロックされています。,,,,,,
200061,,패스 구입 시 보상을 획득 할 수 있습니다.,You can have rewards when purchasing a pass.,购买通行证即可获得奖励。,購買通行證即可獲得獎勵。,パスを購入すると特典がもらえます。,,,,,,
200062,,보석을 장착해주세요.,Please equip Jewel.,请装备宝石子。,請裝備寶石子。,宝石を装備してください。,,,,,,
200063,,이미 모든 보석이 장착되어 있습니다.,All Jewel are already installed.,所有珠子均已安装。,所有寶石子均已安裝。,すべての宝石がすでに取り付けられています。,,,,,,
210000,,퀘스트,Quest,任务,任務,クエスト,,,,,,
210001,,출석,Check-in,签到,簽到,ログインチェック,,,,,,
210002,,패스,Pass,通行证,通行證,パス,,,,,,
210003,,스테이지 이동,Move Stage,前往关卡,移動關卡,ステージ移動,,,,,,
210004,,랭킹,Ranking,排名,排名,ランキング,,,,,,
210005,,절전모드,PSM,省电模式,省電模式,スリープモード,,,,,,
210006,,설정,Settings,设置,設定,設定,,,,,,
210007,,캐릭터,Character,角色,角色,キャラクター,,,,,,
210008,,가방,Inventory,背包,背包,カバン,,,,,,
210009,,상점,Shop,商店,商店,ショップ,,,,,,
210010,,소환,Summon,召唤,召喚,召喚,,,,,,
210011,,스킬,Skill,技能,技能,スキル,,,,,,
210012,,펫,Pet,宠物,寵物,ペット,,,,,,
210013,,던전,Dungeon,副本,副本,ダンジョン,,,,,,
210014,,<color=#E4E4F1>반복전투</color>,<color=#E4E4F1>Auto Battle</color>,<color=#E4E4F1>重复战斗</color>,<color=#E4E4F1>反覆戰鬥</color>,<color=#E4E4F1>繰り返し戦闘</color>,,,,,,
210015,,<color=#FFF8AA>자동도전</color>,<color=#FFF8AA>Auto Challenge</color>,<color=#FFF8AA>自动挑战</color>,<color=#FFF8AA>自動挑戰</color>,<color=#FFF8AA>自動挑戦</color>,,,,,,
210016,,자동,Auto,自动,自動,自動,,,,,,
210017,,스테이지 {0},Stage {0},关卡{0},關卡{0},ステージ{0},,,,,,
210018,,쿨타임:{0}초,Cooltime: {0}s,冷却时间：{0}秒,冷卻時間：{0}秒,クールタイム：{0}秒,,,,,,
210019,,레벨 {0},Lv. {0},{0}级,Lv.{0},レベル{0},,,,,,
210020,,제한 시간 내에 보스 몬스터 처치하기,Defeat the boss monster within the time limit,限制时间内击杀BOSS怪物,在限定時間內消滅Boss怪物,制限時間内にボスモンスターを撃破する,,,,,,
210021,,제한 시간 내에 {0}마리를 처치하세요,Defeat {0} monster(s) within the time limit,限制时间内击杀{0}只怪物,請在限定時間內消滅{0}隻,制限時間内に{0}匹撃破してください。,,,,,,
210025,,패배,Defeated,失败,敗北,敗北,,,,,,
210026,,아래의 방법으로 더 강해질 수 있습니다.,You can become stronger with the methods below.,使用以下方法可以变得更强大。,透過以下方法，可以變得更強。,次の方法でより強くなることができます。,,,,,,
210027,,캐릭터,Character,角色,角色,キャラクター,,,,,,
210028,,소환,Summon,召唤,召喚,召喚,,,,,,
210029,,장비강화,Equipment Uprade.,装备强化,強化裝備,装備強化,,,,,,
210030,,보스 등장!,The Boss is here!,BOSS登场！,Boss登場！,ボス登場！,,,,,,
210031,,보상,Reward,奖励,獎勵,報酬,,,,,,
210032,,승리,Victory,胜利,勝利,勝利,,,,,,
210033,,스테이지 첫 클리어 보상,Reward for 1st Time Clearing the Stage,首次通关奖励,首次通過關卡獎勵,ステージ初クリア報酬,,,,,,
210034,,레벨업,Level Up,升级,升級,レベルアップ,,,,,,
210035,,성장,Growth,成长,成長,成長,,,,,,
210036,,레벨업,Level Up,升级,升級,レベルアップ,,,,,,
210037,,칭호,Title,称号,稱號,称号,,,,,,
210038,,시련,Trial,试验,試驗,試練,,,,,,
210039,,최대 레벨 {0},Max Lv. {0},等级上限{0},最大Lv.{0},最大レベル{0},,,,,,
210040,,MAX,MAX,MAX,MAX,MAX,,,,,,
210041,,Lv. {0},Lv.{0},Lv.{0},Lv.{0},Lv. {0},,,,,,
210042,,레벨업 포인트 : {0},Level-up Point: {0},升级点数：{0},升級點數：{0},レベルアップポイント：{0},,,,,,
210043,,레벨업 시 레벨업 포인트를 1개 획득합니다.,1 Level-up Point will be acquired each time you level up.,升级时获得1个升级点数。,升級時獲得1點升級點數。,レベルアップ時にレベルアップポイントを1獲得します。,,,,,,
210044,,다이아를 소비하여 레벨업 포인트를 초기화합니다.,Reset your Level-up Point with Diamonds.,消耗钻石重置升级点数。,消耗鑽石重置升級點數。,ダイヤを消費してレベルアップポイントを初期化します。,,,,,,
210045,,현재 칭호,Current Title,当前称号,現在稱號,現在の称号,,,,,,
210046,,장착된 칭호가 없습니다.,Title not equipped .,无佩戴的称号。,沒有已配置的稱號。,装着されている称号がありません。,,,,,,
210047,,최대치,MAX Limit,上限,上限,最大値,,,,,,
210048,,장착,Equip,佩戴,穿戴,装着,,,,,,
210049,,해제,Unequip,解除,解除,解除,,,,,,
210050,,??? (???/???),??? (???/???),??? (???/???),??? (???/???),??? (???/???),,,,,,
210051,,{0} ({1}/{2}),{0} ({1}/{2}),{0}（{1}/{2}）,{0}({1}/{2}),{0} ({1}/{2}),,,,,,
210052,,도전하기,Challenge,挑战,進行挑戰,挑戦する,,,,,,
210053,,장착하기,Equip,佩戴,穿戴,装着する,,,,,,
210054,,장착해제,Unequip,解除佩戴,解除穿戴,装着解除,,,,,,
210055,,스토리,Story,剧情,故事情節,ストーリー,,,,,,
210056,,승진을 하면 월급으로 얻을 수 있는 다이아 늘어납니다.,The amount of Diamonds you get as a salary will be increased when you get advanced.,试验后薪资钻石也会增加。,試驗時，可提升月薪獲得的鑽石數量。,試練すれば給料で獲得できるダイヤが増えます。,,,,,,
210057,,월급,Salary,薪资,月薪,給料,,,,,,
210058,,장착중,E,佩戴中,穿戴中,装着中,,,,,,
210059,,장착,Equip,佩戴,穿戴,装着,,,,,,
210060,,합성,Combine,合成,合成,合成,,,,,,
210061,,강화,Upgrade,强化,強化,強化,,,,,,
210062,,각성,Awaken,觉醒,覺醒,覚醒,,,,,,
210063,,장착 효과,Equip Effect,佩戴效果,穿戴效果,装着効果,,,,,,
210064,,보유 효과,Owned Effect,持有效果,持有效果,保有効果,,,,,,
210065,,각성 효과,Awaken Effect,觉醒效果,覺醒效果,覚醒効果,,,,,,
210066,,일괄합성,Combine All,一键合成,批次合成,一括合成,,,,,,
210067,,무기,Weapon,武器,武器,武器,,,,,,
210068,,반지,Ring,戒指,戒指,指輪,,,,,,
210069,,코스튬,Costume,时装,服裝,コスチューム,,,,,,
210070,,재화,Goods,货币,貨幣,財貨,,,,,,
210071,,이전 등급 <color=#FF3B00>5</color>개를 소비하여 다음 등급의 장비를 제작합니다.,Consume <color=#FF3B00>5</color> of the previous grade to craft an equipment of the next grade.,消耗<color=#FF3B00>5</color>个低一级别的装备来制作高一级别的装备。,消耗<color=#FF3B00>5</color>個前一等級，製作下一等級的裝備。,下位等級<color=#FF3B00>5</color>つを消費して上位等級の装備を製作します。,,,,,,
210072,,각성 완료,Complete Awaken,觉醒完成,完成覺醒,覚醒完了,,,,,,
210073,,일괄 합성하시겠습니까?,Proceed combine all?,是否一键合成？,確定要批次合成嗎？,一括合成を行いますか？,,,,,,
210074,,아니요,No,否,否,いいえ,,,,,,
210075,,네,Yes,是,是,はい,,,,,,
210076,,MIN,MIN,MIN,MIN,MIN,,,,,,
210077,,MAX,MAX,MAX,MAX,MAX,,,,,,
210078,,각성 완료,Complete Awaken,觉醒完成,完成覺醒,覚醒完了,,,,,,
210079,,최대 강화 레벨 {0} <color=#F8EF66> > {1}</color>,MAX Upgrade. Lv. {0} <color=#F8EF66> > {1}</color>,强化等级上限{0}<color=#F8EF66> > {1}</color>,最大強化Lv.{0}<color=#F8EF66>>{1}</color>,最大強化レベル {0} <color=#F8EF66> > {1}</color>,,,,,,
210080,,{0}각성 {1} (레벨 {2}),Awaken {0} {1} (Lv. {2}),{0}觉醒{1}（{2}级）,{0}覺醒{1}(Lv.{2}),{0}覚醒{1} (レベル{2}),,,,,,
210081,,{0}각성,Awaken {0},{0}觉醒,{0}覺醒,{0}覚醒,,,,,,
210082,,장착 효과,Equip Effect,佩戴效果,穿戴效果,装着効果,,,,,,
210084,,각성 효과,Awaken Effect,觉醒效果,覺醒效果,覚醒効果,,,,,,
210085,,장착 해제,Unequip,解除佩戴,解除穿戴,装着解除,,,,,,
210086,,장착,Equip,佩戴,穿戴,装着,,,,,,
210087,,강화,Upgrade,强化,強化,強化,,,,,,
210088,,각성,Awaken,觉醒,覺醒,覚醒,,,,,,
210089,,장착<br>스킬,Equip<br>Skill,佩戴<br>技能,配置<br>技能,装着<br>スキル,,,,,,
210090,,다이아를 소비하여 스킬 프리셋을 엽니다.,Use Diamonds to unlock the skill preset.,消耗钻石打开技能预设。,消耗鑽石解鎖技能預設。,ダイヤを消費してスキルプリセットを開放します。,,,,,,
210091,,심플하잖아?<br>필요한 게 있으면 말만 해.,"Simple, right?<br>Just tell me if you need anything.",简单吧？<br>需要什么尽管开口。,很簡單吧？<br>需要什麼就告訴我。,簡単だろう？<br>必要なものがあれば言え。,,,,,,
210092,,소환,Summon,召唤,召喚,召喚,,,,,,
210093,,소환 확률,Summon Rate,召唤几率,召喚率,召喚率,,,,,,
210094,,무기 소환,Weapons,召唤武器,召喚武器,武器召喚,,,,,,
210095,,반지 소환,Rings,召唤戒指,召喚戒指,指輪召喚,,,,,,
210096,,스킬 소환,Skills,召唤技能,召喚技能,スキル召喚,,,,,,
210097,,소환 x {0},Summon x{0},召唤x{0},召喚x{0},召喚 × {0},,,,,,
210098,,소환 보너스,Summon Bonus,召唤加成,召喚額外獎勵,召喚ボーナス,,,,,,
210099,,{0} 보너스,{0} Bonus,{0}加成,{0}額外獎勵,{0}ボーナス,,,,,,
210100,,{0} LV.{1},{0} Lv.{1},{0}LV.{1},{0}LV.{1},{0} LV.{1},,,,,,
210101,,Lv.{0}에서<color=#FFD53B> {1}다이아 </color>사용 시 획득,Acquired when you use <color=#FFD53B>Diamond x{1}</color> at Lv. {0},在Lv.{0}使用<color=#FFD53B>{1}钻石</color>时获得,在Lv.{0}使用<color=#FFD53B>{1}鑽石</color>時獲得,Lv.{0}で<color=#FFD53B>{1}ダイヤ</color>の使用時に獲得,,,,,,
210102,,소환 결과,Result,召唤结果,召喚結果,召喚結果,,,,,,
210103,,연속 소환,Auto Summon,连续召唤,連續召喚,連続召喚,,,,,,
210104,,확인,OK,确认,確認,確認,,,,,,
210105,,패키지,Package,礼包,禮包,パッケージ,,,,,,
210106,,일반,Common,普通,一般,一般,,,,,,
210107,,다이아,Diamond,钻石,鑽石,ダイヤ,,,,,,
210108,,{0} 상점,{0} Shop,{0}商店,{0}商店,{0}ショップ,,,,,,
210109,,자세히보기,More Info,查看详情,更多資訊,詳しく見る,,,,,,
210110,,"청약철회는 구매일로부터 7일 이내 가능합니다.<br>(단, 사용했을 경우 철회 불가)",A refund is available within 7 days of the purchase date.(A refund is unavailable if the item was used.),从购买日起7天内可撤销购买。<br>（但已使用时无法撤销）,自購買日起7天內可申請退款。<br>(已使用過的商品不可申請退款。),約定の撤回は購入日の6日後まで可能です<br>(ただし、使用済みの場合は撤回不可)。,,,,,,
210111,,계정당 구매 {0}/{1},Account Limit {0}/{1},每个账号购买{0}/{1},每個帳號購買{0}/{1},アカウントあたり購入 {0}/{1},,,,,,
210112,,상점은 {0}시에 초기화됩니다.,The shop resets at {0}:00.,商店在{0}点重置。,將於{0}點重置商店。,ショップは{0}時に初期化します。,,,,,,
210113,,던전,Dungeon,副本,副本,ダンジョン,,,,,,
210114,,매일 {0}시를 기준으로 입장권이 10개 미만이라면 1개씩 충전되며<br>입장권은 최대 999개까지 소지할 수 있습니다.,"1 ticket will be recharged daily at {0}:00 only when you have less than 10 tickets, and you can possess up to 999 tickets.",以每天{0}点为准，补充{1}个入场券，最多可持有{2}个。,每天{0}點儲值{1}張入場券，最多可持有{2}張。,毎日{0}時を基準に入場券{1}枚がチャージされ、最大{2}枚まで所持することができます。,,,,,,
210115,,보상 정보,Reward Info,奖励信息,獎勵資訊,報酬情報,,,,,,
210116,,첫 클리어,1st Clear,首次通关,首次通過,初クリア,,,,,,
210117,,스테이지 선택,Select Stage,选择关卡,選擇關卡,ステージ選択,,,,,,
210118,,프리셋<br>선택,Select<br>Preset,选择<br>预设,預設<br>選擇,プリセット<br>選択,,,,,,
210119,,소탕,Auto-Clear,扫荡,掃蕩,掃討,,,,,,
210120,,입장,Enter,进入,入場,入場,,,,,,
210121,,{0}단계 소탕,Lv. {0} Auto-Clear,扫荡{0}级,第{0}階段掃蕩,{0}段階掃討,,,,,,
210122,,MIN,MIN,MIN,MIN,MIN,,,,,,
210123,,MAX,MAX,MAX,MAX,MAX,,,,,,
210124,,입장권 <color=#F8EF66>{0}</color>개를 소비하여 던전을 소탕합니다.,Use Ticket x<color=#F8EF66>{0}</color> to use Auto-Clear on the dungeon.,消耗<color=#F8EF66>{0}</color>个入场券扫荡副本。,消耗<color=#F8EF66>{0}</color>張入場券掃蕩副本。,入場券<color=#F8EF66>{0}</color>枚を消費してダンジョンの掃討を行います。,,,,,,
210125,,소탕하기,Auto-Clear,扫荡,進行掃蕩,掃討する,,,,,,
210126,,최고 도달 레벨,Highest Lv. Reached,等级上限,達成最高等級,最高到達レベル,,,,,,
210127,,소탕시 획득 가능 보상,Rewards available upon Auto-Clear,扫荡时可获得的奖励,掃蕩時可獲得的獎勵,掃討時に獲得可能な報酬,,,,,,
210128,,{0}개 획득 가능,{0} available to acquire,可获得{0}个,可獲得{0}個,{0}個獲得可能,,,,,,
210129,,스테이지 버프,Stage Buff,关卡的增益,關卡的增益,ステージのバフ,,,,,,
210130,,버프 받기,Get Buff,领取增益,取得增益效果,バフを受ける,,,,,,
210131,,사용 완료,Use Completed,已使用,使用完畢,使用完了,,,,,,
210132,,일일 사용 가능 {0}/{1},Daily Availability {0}/{1},每天可使用{0}/{1},每日可使用{0}/{1},一日の使用可能数 {0}/{1},,,,,,
210133,,{0}m,{0}m,{0}m,{0}m,{0}m,,,,,,
210134,,무료,Free,免费,免費,無料,,,,,,
210135,,프리미엄,Premium,高级,高級,プレミアム,,,,,,
210136,,시즌 종료까지,Season:,距离赛季结束还剩,至賽季結束為止,シーズン終了まであと,,,,,,
210137,,{0}일,{0}D,{0}天,{0}天,{0}日,,,,,,
210138,,{0}시간,{0}H,{0}小时,{0}小時,{0}時間,,,,,,
210139,,{0}분,{0}Min,{0}分钟,{0}分鐘,{0}分,,,,,,
210140,,시즌이 종료되었습니다.,The season has ended.,赛季结束。,賽季已結束。,シーズンが終了しました。,,,,,,
210141,,모두 받기,Collect All,全部领取,全部領取,全部受け取る,,,,,,
210142,,패스 구매,Purchase Pass,购买通行证,購買通行證,パス購入,,,,,,
210143,,시즌 종료,Season Ended,赛季结束,賽季結束,シーズン終了,,,,,,
210144,,패스 이용 중,Pass in use,正在使用通行证,正在使用通行證,パス利用中,,,,,,
210145,,퀘스트,Quest,任务,任務,クエスト,,,,,,
210146,,일일퀘스트는 {0}시에 초기화됩니다.,Daily Quests reset at {0}:00.,每日任务在{0}点重置。,將於{0}點重置每日任務。,デイリークエストは{0}時に初期化します。,,,,,,
210147,,보상 받기,Accept,领取奖励,領取獎勵,報酬を受け取る,,,,,,
210148,,진행중,In Progress,进行中,進行中,進行中,,,,,,
210149,,완료,Complete,完成,完成,完了,,,,,,
210150,,모두 받기,Accept All,全部领取,全部領取,全部受け取る,,,,,,
210151,,반복 퀘스트,Repeated Quests,重复任务,反覆任務,繰り返しクエスト,,,,,,
210152,,일일 퀘스트,Daily Quests,每日任务,每日任務,デイリークエスト,,,,,,
210153,,주간 퀘스트,Weekly Quests,每周任务,每週任務,ウィークリークエスト,,,,,,
210154,,스테이지 이동,Move Stage,前往关卡,移動關卡,ステージ移動,,,,,,
210155,,이동하기,Move,前往,移動,移動する,,,,,,
210156,,도전하기,Challenge,挑战,進行挑戰,挑戦する,,,,,,
210157,,랭킹,Ranking,排名,排名,ランキング,,,,,,
210158,,닉네임,Nickname,昵称,暱稱,ニックネーム,,,,,,
210159,,도달 스테이지,Reached Stage,到达关卡,到達關卡,到達ステージ,,,,,,
210160,,미장착,Unequipped,未佩戴,未穿戴,未装着,,,,,,
210161,,전투력,Battle Power,战斗力,戰鬥力,戦闘力,,,,,,
210162,,스테이지,Stage,关卡,關卡,ステージ,,,,,,
210163,,안나님이 라이브 방송을 시작했습니다.,Anna has started the live stream.,安娜的直播开始了。,安娜開始直播了。,アンナさんがライブ配信を始めました。,,,,,,
210164,,확인,OK,确认,確認,確認,,,,,,
210165,,방송이 종료되었습니다.,Live stream ended.,直播结束。,直播結束。,配信が終了しました。,,,,,,
210166,,오프라인 보상,Offline Reward,离线奖励,離線獎勵,オフライン報酬,,,,,,
210167,,{0}% 보너스,{0}% Bonus,{0}%加成,{0}%額外獎勵,{0}%ボーナス,,,,,,
210168,,보상받기,Collect Reward,领取奖励,領取獎勵,報酬を受け取る,,,,,,
210169,,밀어서 잠금해제,Swipe to unlock,滑动解锁,滑動解鎖,スライドしてロック解除,,,,,,
210170,,환경설정,Settings,戒指境设置,戒指境設定,環境設定,,,,,,
210171,,배경음,BGM,背景音,背景音樂,背景音,,,,,,
210172,,효과음,Sound Effect,音效,音效,効果音,,,,,,
210173,,켜짐,On,开,開啟,オン,,,,,,
210174,,꺼짐,Off,关,關閉,オフ,,,,,,
210175,,화면 흔들림,Camera Shake,画面震动,畫面震動,画面の揺れ,,,,,,
210176,,자동절전모드,Auto Power Save Mode,自动省电模式,自動省電模式,自動スリープモード,,,,,,
210177,,이용 약관,Terms of Service,使用条款,使用條款,利用規約,,,,,,
210178,,언어,Language,语言,語言,言語,,,,,,
210179,,쿠폰 입력,Enter Coupon,输入兑换码,輸入優惠券,クーポン番号入力,,,,,,
210180,,쿠폰 번호를 입력하세요,Enter the coupon number.,请输入兑换码,請輸入優惠券編號,クーポン番号を入力してください。,,,,,,
210181,,입력,Enter,输入,輸入,入力,,,,,,
210182,,게스트 계정 사용중,Guest Account in use,正在使用游客账号,正在使用訪客帳號,ゲストアカウント使用中,,,,,,
210183,,클라우드저장,Cloud Save,云储存,儲存雲端,クラウド保存,,,,,,
210184,,버전 :,Version:,版本：,版本：,バージョン：,,,,,,
210185,,ID:,ID :,ID：,ID：,ID：,,,,,,
210186,,연동 완료,Synced,已绑定,完成綁定,連携完了,,,,,,
210187,,정보,Info,信息,資訊,情報,,,,,,
210188,,전투력,Battle Power,战斗力,戰鬥力,戦闘力,,,,,,
210189,,장착 장비,Equipped Equipment,佩戴的装备,穿戴裝備,装着装備,,,,,,
210190,,장착 스킬,Equipped Skill,佩戴的技能,配置技能,装着スキル,,,,,,
210191,,스킬 미장착,Skill not equipped,未佩戴技能,未配置技能,スキル未装着,,,,,,
210192,,새로운 버전이 업데이트 되었습니다.<br>스토어에서 업데이트 해주세요.,A new version has been released.<br>Please download the latest update from the game store.,有最新版本。<br>请前往商城更新。,已發佈新版本。<br>請前往商店更新。,新しいバージョンのアップデートがあります。<br>ストアでアップデートしてください。,,,,,,
210193,,확인,OK,确认,確認,確認,,,,,,
210194,,확인,OK,确认,確認,確認,,,,,,
210195,,확인,OK,确认,確認,確認,,,,,,
210196,,로그인한 계정에 게임플레이 데이터가 있어 로드됩니다.<br>게스트 계정의 데이터를 다시 사용하려면 PlayGames에서 로그아웃한 후 Guest로 다시 로그인하십시오.,"The game data associated with the account you used to log in will be loaded.<br>If you wish to use the game data associated with a guest account, please go to PlayGames, log out, and then log in again as a guest.",登录的账号上有游戏记录并已加载。<br>想要重新使用游客账号的数据时，请退出PlayGames后重新登录Guest账号。,將載入您登入的帳號遊戲數據。<br>如果您想再次使用訪客帳號的遊戲數據，請登出PlayGames後，以Guest身分重新登入。,ログインしたアカウントにゲームプレイのデータがあるため呼び出します。<br>ゲストアカウントのデータを再度利用したい場合には、PlayGamesからログアウトした後、Guestでログインしてください。,,,,,,
210197,,닉네임 설정,Nickname Settings,设置昵称,設定暱稱,ニックネームの設定,,,,,,
210198,,사용할 닉네임을 입력해주세요.,Enter the nickname you want to use.,请输入昵称。,請輸入要使用的暱稱。,使用したいニックネームを入力してください。,,,,,,
210199,,한글/영문/숫자 최소 3자 ~ 최대 10자 가능,3 to 10 English characters or numbers can be used.,韩文/英文/数字3字~10字,可使用3~10個中文/英文/數字。,日本語/英文/数字で3～10文字使用可能,,,,,,
210200,,정말로 게임을 종료하시겠어요?,Are you sure you want to end the game now?,确定要结束游戏吗？,真的要結束遊戲嗎？,本当にゲームを終了しますか？,,,,,,
210201,,네,Yes,是,是,はい,,,,,,
210202,,아니요,No,否,否,いいえ,,,,,,
210203,,업데이트 예정입니다.,Coming soon.,即将更新。,預計更新。,アップデート予定です。,,,,,,
210204,,모두 받기,Collect All,全部领取,全部領取,全部受け取る,,,,,,
210205,,받기,Collect,领取,領取,受け取る,,,,,,
210206,,장착중,Equipped,佩戴中,穿戴中,装着中,,,,,,
210207,,강화 완료,Upgrade Complete,强化结束,強化完畢,強化完了,,,,,,
210208,,불러오는 중...,Loading...,加载中……,讀取中...,呼び出し中…,,,,,,
210209,,장착 펫,Equipped Pet,佩戴宠物,配置寵物,装着ペット,,,,,,
210210,,{0}각성,Awaken {0},{0}觉醒,{0}覺醒,{0}覚醒,,,,,,
210211,,소환 보상,Summon Reward,召唤奖励,召喚獎勵,召喚報酬,,,,,,
210212,,쿠폰을 사용하였습니다.,The coupon has been used.,已使用兑换码。,已使用優惠券。,クーポンを使用しました。,,,,,,
210213,,모든 월급을 받았습니다.,All salaries have been collected.,已领取所有薪资。,已收到所有薪水。,すべての給料を受け取りました。,,,,,,
210214,,{0} 월급을 받았습니다.,Salary of {0} has been collected.,已领取{0}薪资。,已收到{0}薪水。,{0}給料を受け取りました。,,,,,,
210215,,던전 완료,Complete Dung.,完成副本,完成副本,ダンジョン完了,,,,,,
210216,,던전 클리어,Dungeon Clear,通关副本,通過副本,ダンジョンクリア,,,,,,
210217,,소탕 완료,Auto-Clear Complete,扫荡完成,掃蕩完畢,掃討完了,,,,,,
210218,,꽃 봉인해제,Unlock Flower Seal,解除花本封印,解鎖花封印,花の封印を解除,,,,,,
210219,,펫,Pet,宠物,寵物,ペット,,,,,,
210220,,장착 효과,Equip Effect,佩戴效果,穿戴效果,装着効果,,,,,,
210222,,장착,Equip,佩戴,穿戴,装着,,,,,,
210223,,장착 해제,Unequip,解除佩戴,解除穿戴,装着解除,,,,,,
210224,,강화,Upgrade,强化,強化,強化,,,,,,
210225,,각성,Awaken,觉醒,覺醒,覚醒,,,,,,
210226,,꽃 정보,Flower Info,花本信息,花資訊,花の情報,,,,,,
210227,,꽃,Flower,花,花,花,,,,,,
210228,,봉인 해제,Unlock Seal,解除封印,解除封印,封印解除,,,,,,
210229,,봉인 해제,Unlock Seal,解除封印,解除封印,封印解除,,,,,,
210230,,탭하여 열기,Tap to open,点击打开,點擊打開,タップして開く,,,,,,
210231,,즉시 열기,Open Now,立即打开,立刻打開,すぐに開く,,,,,,
210232,,시간 단축하기,Reduce Time,缩短时间,縮短時間,時間を短縮する,,,,,,
210233,,확장하기,Expand,扩展,擴充,拡張する,,,,,,
210234,,레벨업,Level Up,升级,升級,レベルアップ,,,,,,
210235,,펫 등급,Pet Grade,宠物级别,寵物等級,ペット等級,,,,,,
210236,,펫 개수,Pet Count,宠物数量,寵物個數,ペット数,,,,,,
210237,,펫 강화석 개수,Pet Stone Count,宠物强化石数量,寵物強化石個數,ペット強化石の数,,,,,,
210238,,전투력상승!,Incr. Battle Power!,战斗力提升！,提升戰鬥力！,戦闘力上昇！,,,,,,
210239,,최대 레벨,MAX Level,等级上限,最高等級,最大レベル,,,,,,
210240,,무료,Free,免费,免費,無料,,,,,,
210241,,시련 시작,Start Trial,试验任务开始,開始試驗任務,試練任務開始,,,,,,
210242,,퀘스트 보상,Quest Reward,任务奖励,任務獎勵,クエスト報酬,,,,,,
210243,,패스 보상,Pass Reward,通行证奖励,通行證獎勵,パス報酬,,,,,,
210244,,{0}마리,{0} Monster(s),{0}只,{0}隻,{0}匹,,,,,,
210245,,총 공격력,Total Attack,总攻击力,總攻擊力,合計攻撃力,,,,,,
210246,,총 체력,Total HP,总体力,總體力,合計体力,,,,,,
210247,,펫 던전에서 펫의 꽃의 체력이 {1}% 증가,Incr. Flower of Pet HP in Pet Dugn. {1}%,在宠物副本中宠物之花的体力增加{1}%,在寵物副本裡，寵物之花的體力提升{1}%,ペットダンジョンでペットの花の体力が{1}%増加,,,,,,
210248,,{0} {1}회 달성시 레벨업,Level up achieved when you complete {0} x{1},{0}达成{1}次时升级,{0}達成{1}次時升級,{0}{1}回達成時にレベルアップ,,,,,,
210249,,추천 장착,Equip Suggested,推荐佩戴,推薦穿戴,おすすめ装着,,,,,,
210250,,나가기,Leave,退出,離開,出る,,,,,,
210251,,던전나가기,Exit,退出副本,離開副本,ダンジョンから出る,,,,,,
210252,,정말 나가시겠습니까?,Are you sure you want to leave now?,确定要退出吗？,真的要離開嗎？,本当に出ますか？,,,,,,
210253,,우편함,Mailbox,邮箱,信箱,メールボックス,,,,,,
210254,,기한이 지난 우편은 자동으로 삭제됩니다.,Expired messages will be deleted automatically.,过期的邮件将被自动删除。,將自動刪除過期的信件。,期限切れのメールは自動的に削除されます。,,,,,,
210255,,읽은 메일 삭제,Delete read messages,删除已读邮件,刪除已讀信件,確認済みメールを削除,,,,,,
210256,,모두 받기,Collect All,全部领取,全部領取,全部受け取る,,,,,,
210258,,읽기,Read,查看,閱讀,読む,,,,,,
210259,,보상 받기,Confirm,领取奖励,領取獎勵,報酬を受け取る,,,,,,
210260,,만료까지 {0},Expires in {0},距离到期还剩{0},距到期{0},満了まで{0},,,,,,
210261,,우편 보상,Mail Reward,邮件奖励,信件獎勵,メール報酬,,,Remove the seal on the Sealed Flower.,解除被封印的花,解除封印花上的封印,封印された花の封印を解除
210262,,영구 보관,Never Expires,永久保管,永久保管,永久保管,,,,,,
210263,,상점에서 구매한 상품입니다.,The item was purchased in the Shop.,在商店购买的商品。,在商店購買的商品。,ショップで購入した商品です。,,,,,,
210264,,가지고 있는 꽃이 없습니다.,No Flowers in owned.,无持有的花。,身上沒有花。,持っている花がありません。,,,,,,
210265,,{0} 통과 시 획득 가능,Obtainable upon passing {0},通过{0}后可获得,透過{0}後可獲得,{0}通過時に獲得可能,,,,,,
210266,,구매하기,Purchase,购买,購買,購入する,,,,,,
210267,,LV.{0} ~ 이후 반복 보상 지급,Reward given repeatedly after Lv. {0},LV.{0}~以后发放重复奖励,LV.{0}以上發放反覆獎勵,LV.{0}～以降繰り返し報酬を獲得,,,,,,
210268,,시련 통과,Trial Success,试验成功,試驗成功,試練通過,,,,,,
210269,,{0} 보상,{0} Reward,{0}奖励,{0}獎勵,{0}報酬,,,,,,
210270,,<color=#FFF8AA>{0}</color> 코스튬,<color=#FFF8AA>{0}</color> Costume,<color=#FFF8AA>{0}</color>时装,<color=#FFF8AA>{0}</color>服裝,<color=#FFF8AA>{0}</color>コスチューム,,,,,,
210271,,네트워크 연결을 확인하시고 다시 시도해 주십시오.,Please check your network connection and try again.,请确认网络连接后重试。,請檢查您的網路連線並重試。,ネットワーク接続確認後、もう一度お試しください。,,,,,,
210272,,출석 이벤트,Check-in,签到活动,簽到活動,ログインチェック,,,,,,
210273,,"매일 매일 5,000 다이아!<br>주말은<color=#FFD53B> 2배! </color>D데이는 <color=#FFD53B>3배! </color>","Get 5,000 Diamonds every day!<br>Get <color=#FFD53B>2x</color> on weekends! Get <color=#FFD53B>3x</color> on D-day!","每天发放5,000钻石！<br>周末<color=#FFD53B>双倍！</color>当天<color=#FFD53B>3倍！</color>","每天都有5,000顆鑽石！<br>週末<color=#FFD53B>加倍！</color>D-day<color=#FFD53B>3倍</color>！","毎日5,000ダイヤ！<br>週末には<color=#FFD53B>2倍！</color>D-デイには<color=#FFD53B>3倍！</color>",,,,,,
210274,,지난 보상,Receive,过去奖励,過去的獎勵,以前の報酬,,,,,,
210275,,확인,OK,确认,確認,確認,,,,,,
210276,,일,SUN,日,週日,日,,,,,,
210277,,월,MON,一,週一,月,,,,,,
210278,,화,TUE,二,週二,火,,,,,,
210279,,수,WED,三,週三,水,,,,,,
210280,,목,THU,四,週四,木,,,,,,
210281,,금,FRI,五,週五,金,,,,,,
210282,,토,SAT,六,週六,土,,,,,,
210283,,출석 보상,Check-in Reward,签到奖励,簽到獎勵,ログインチェック報酬,,,,,,
210284,,임시 점검 중입니다.,Temporary maintenance is progress.,临时维护中。,正在進行臨時維護。,臨時メンテナンス中です。,,,,,,
210285,,다른 기기에서 로그인되었습니다.<br>게임을 종료합니다.,Your account has been logged in from another device.<br>Ending game session.,已在其他设备登录。<br>将退出游戏。,已從其他裝置登入。<br>結束遊戲。,他のデバイスでログインが行われました。<br>ゲームを終了します。,,,,,,
210286,,{0} 확률,{0} Rate,{0}几率,{0}機率,{0}確率,,,,,,
210287,,일간 구매 {0}/{1},Daily Limit {0}/{1},每日购买{0}/{1},每日購買{0}/{1},一日の購入 {0}/{1},,,,,,
210288,,월간 구매 {0}/{1},Monthly Limit {0}/{1},每月购买{0}/{1},每月購買{0}/{1},1か月間の購入 {0}/{1},,,,,,
210289,,인기,HOT,人气,人氣,人気,,,,,,
210290,,신규,NEW,全新,新品,新規,,,,,,
210291,,코스튬,Costume,时装,服裝,コスチューム,,,,,,
210292,,마일리지,Mileage,积分,積分,マイレージ,,,,,,
210293,,마일리지는 결제금액의 1/100 비율로 획득합니다.,Mileage will be earned in a 1:100 ratio of the purchase price.,将按照结算金额的1/100比例获得积分。,依購買價格的1/100獲得積分。,獲得するマイレージは決済金額の1/100です。,,,,,,
210294,,{0} 마일리지가 적립되었습니다.,{0} mileage has been accumulated.,已累计{0}积分。,已累積{0}積分。,{0}マイレージを獲得しました。,,,,,,
210295,,보유효과 안내,Owned Effect Notice,持有效果说明,持有效果說明,保有効果案内,,,,,,
210296,,무료 선물,Free Reward,免费礼物,免費禮物,無料プレゼント,,,,,,
210297,,쾌적한 플레이를 위한 선택!<br>출석보상 / 버프 / 무료선물,A choice you should make for a breezy gameplay!<br>Check-in Reward / Buff / Free Reward,提升游戏体验的选择！<br>签到奖励/增益/免费礼物,為了更舒適的遊戲體驗，聰明的選擇！<br>簽到獎勵/增益效果/免費禮物,快適なプレイのための選択！<br>ログインチェック報酬 / バフ / 無料プレゼント,,,,,,
210298,,계정당 1회 구매 가능,Purchase available once per account,每个账号限购买1次,每個帳號可購買1次,アカウントあたり1回購入可能,,,,,,
210299,,특별<br>가격,Special<br>Price,特别<br>价格,特別<br>價格,特別<br>価格,,,,,,
210300,,"안나님이 40,000 다이아 선물과<br>메세지를 보냈습니다.","Anna has sent 40,000 Diamonds<br>with a message as a gift.","安娜赠送了40,000钻石礼物<br>并发来消息。","安娜發送了40,000顆鑽石及<br>訊息。","アンナさんが40,000ダイヤのプレゼントと<br>メッセージを送りました。",,,,,,
210301,,성장패키지 II,Growth Package II,成长礼包II,成長禮包II,成長パッケージII,,,,,,
210302,,성장패키지 III,Growth Package III,成长礼包III,成長禮包III,成長パッケージIII,,,,,,
210303,,성장 패키지,Growth Package,成长礼包,成長禮包,成長パッケージ,,,,,,
210304,,성장패키지1,Growth Package 1,成长礼包1,成長禮包1,成長パッケージ1,,,,,,
210305,,성장패키지2,Growth Package 2,成长礼包2,成長禮包2,成長パッケージ2,,,,,,
210306,,성장패키지3,Growth Package 3,成长礼包3,成長禮包3,成長パッケージ3,,,,,,
210307,,<size=35>x{0}</size><br>가치,<size=35>x{0}</size><br> value,<size=35>x{0}</size><br>价值,價值<size=35>x{0}</size><br>,<size=35>×{0}</size><br>価値,,,,,,
210308,,절전모드,Power Save Mode,省电模式,省電模式,スリープモード,,,,,,
210309,,라운지,Lounge,社区,遊戲大廳,ラウンジ,,,,,,
210310,,고객지원,Customer Support,客服中心,客服中心,カスタマーセンター,,,,,,
210311,,계정관리,Manage Account,账号管理,管理帳號,アカウント管理,,,,,,
210312,,로그아웃,Log Out,退出,登出,ログアウト,,,,,,
210313,,계정삭제,Delete Account,删除账号,刪除帳號,アカウント削除,,,,,,
210314,,"<color=#FF454A>게스트 로그인</color>은 앱을 삭제하거나 앱 데이터를 삭제할경우, 게임데이터가 사라집니다. 안전한 데이터 보호를 위해 계정 연동 부탁드립니다.",The game data associated with a <color=#FF454A>guest account</color> will be lost if you delete the app or delete the app data. Please sync accounts to protect your game data.,使用<color=#FF454A>游客账号</color>时，若删除应用或应用数据，游戏的数据会消失。为了保护数据安全，请绑定账号。,以<color=#FF454A>訪客登入</color>在刪除APP或APP數據資料時，將遺失遊戲數據。為了安全保存數據，請綁定帳號。,<color=#FF454A>ゲストログイン</color>の場合、アプリを削除したりアプリのデータを削除するとゲームのデータが消えます。データの安全な保護のためアカウント連携をお願いいたします。,,,,,,
210315,,계정 관리,Manage Account,账号管理,管理帳號,アカウント管理,,,,,,
210316,,계정 삭제,Delete Account,删除账号,刪除帳號,アカウント削除,,,,,,
210317,,"계정의 닉네임을 입력하고 '계정 삭제'버튼을 눌러주세요. <br>구매 내역, 계정 연동을 포함한 모든 데이터가 삭제되고 게임을 종료합니다.","Enter the nickname of the account and tap on the “Delete Account” button.<br>All data, including purchase records and account sync, will be deleted and the game will shut down.",请输入账号昵称并点击“删除账号”。<br>包含购买明细、账号绑定在内的所有数据将被删除并结束游戏。,輸入帳號的暱稱，然後點擊「刪除帳號」按鈕。<br>將刪除購買記錄、帳號綁定在內的所有數據，並結束遊戲。,アカウントのニックネームを入力し「アカウント削除」ボタンを押してください。<br>購入履歴、アカウント連携を含むすべてのデータを削除し、ゲームを終了します。,,,,,,
210318,,닉네임을 입력해 주세요.,Please enter your nickname.,请输入昵称。,請輸入暱稱。,ニックネームを入力してください。,,,,,,
210319,,* 계정 삭제시 복구할 수 없습니다.,*Your account can't be restored when deleted.,* 删除账号后将无法复原。,*帳號一旦刪除將無法恢復。,* アカウントを削除した場合は復元できません。,,,,,,
210320,,연동된 계정을 로그아웃 하고 게임을 종료합니다.<br>정말로 로그아웃 하시겠습니까?,The synced account will be logged out and the game will be shut down.<br>Log out now?,退出绑定的账号并结束游戏。<br>确定要退出吗？,將登出綁定的帳號並結束遊戲。<br>確定要登出嗎？,連携しているアカウントからログアウトし、ゲームを終了します。<br>本当にログアウトしますか？,,,,,,
210321,,취소,Cancel,取消,取消,キャンセル,,,,,,
210322,,공지사항,Notice,公告,公告事項,告知,,,,,,
210323,,푸시 알림,Notification,推送通知,推播通知,プッシュ通知,,,,,,
210324,,야간 푸시 알림,Night-time Notification,夜间推送通知,夜間推播通知,夜間プッシュ通知,,,,,,
210325,,무제한,No limit,无限制,無限制,無制限,,,,,,
210326,,선물 받기,Get the Gift,领取礼物,領取禮物,プレゼントを受け取る,,,,,,
210327,,특별 보상,Special gift,特别奖励,特別獎勵,特別報酬,,,,,,
210328,,주간 퀘스트는 월요일 {0}시에 초기화됩니다.,Weekly Quests reset at {0}:00 on Monday.,每周任务在周一{0}重置。,每週任務將於星期一{0}點重置。,ウィークリークエストは月曜日{0}時に初期化します。,,,,,,
210329,,시작하기,Start,开始,開始,開始,,,,,,
210330,,매진되었습니다.,Sold Out,已售罄。,已售罄。,売り切れです。,,,,,,
210331,,한정<br>판매,Limited<br>Offer,限量<br>出售,限量<br>販售,限定<br>販売,,,,,,
210332,,Google로 로그인,Sign in with Google,Google登录,用Google登入,Googleでログイン,,,,,,
210333,,Apple로 로그인,Sign in with Apple,Apple登录,用Apple登入,Appleでログイン,,,,,,
210334,,Hive로 로그인,Sign in with Hive,Hive登录,用Hive登入,Hiveでログイン,,,,,,
210335,,건너뛰기 >>,Skip >>,跳过 >>,跳過>>,スキップ >>,,,,,,
210336,,최소 3자 이상 입력해주세요.,Please enter at least 3 characters.,请输入3个字以上。,請至少輸入3個字。,3文字以上入力してください。,,,,,,
210337,,닉네임은 최대 10자까지 가능합니다.,Nickname can be up to 10 characters.,昵称最多可输入10个字。,暱稱最長到10個字。,ニックネームには10文字まで使用できます。,,,,,,
210338,,닉네임에 특수문자를 사용할 수 없습니다.,Nickname cannot contain special characters.,昵称无法使用特殊符号。,暱稱不能包含特殊符號。,ニックネームに特殊文字は使用できません。,,,,,,
210339,,이벤트,Event,活动,活動,イベント,,,,,,
210340,,7일 출석 이벤트,7 Days Login Event,7天签到活动,7日簽到活動,7日ログインチェックイベント,,,,,,
210341,,매일 접속하고 보상을 받으세요!,Login every day and get rewarded!,每天登录游戏，领取奖励吧！,每天登入即可獲得獎勵！,毎日ログインして報酬を受け取りましょう！,,,,,,
210342,,{0}일,Day {0},{0}天,{0}天,{0}日,,,,,,
210343,,구매 복원,Restore Purchase,恢复购买,恢復購買,購入復元,,,,,,
210344,,구매 완료,Complete Purchase,购买完成,購買完畢,購入完了,,,,,,
210345,,구매 요청을 처리중입니다.<br>잠시만 기다려주세요.,A purchase request is being processed. <br>Please wait.,正在处理购买请求。<br>请稍候。,正在處理購買請求。<br>請稍候。,購入要請を処理しています。<br>しばらくお待ちください。,,,,,,
210346,,"최근 로그인이 다른 기기에서 진행되었습니다.<br>현재 다른 기기에서 로그인 중일 경우,<br>해당 기기에서는 자동으로 게임이 종료됩니다.<br><br>계속 진행하시겠습니까?","A recent login has occurred on another device.<br>If you are currently logged in from another device,<br>the game will automatically end on that device.<br>Do you want to proceed?",最近在其他设备登录。<br>当前正在其他设备登录时，<br>该设备将自动结束游戏。<br><br>确定继续进行吗？,最近有從另一台裝置登入。<br>如果您目前正登入另一台裝置，<br>將於該裝置自動結束遊戲。<br><br>確定要繼續嗎？,最近、他のデバイスでログインが行われました。<br>現在他のデバイスでログインしている場合、<br>そのデバイスでは自動的にゲームが終了します。<br><br>このまま続けますか？,,,,,,
210347,,광고 보상,Ads Reward,广告奖励,廣告獎勵,広告報酬,,,,,,
210348,,잠재,Potential,潜在,潛在,潜在,,,,,,
210349,,자동 변경,Automatic Change,自动更改,自動變更,自動変更,,,,,,
210350,,변경,Change,更改,變更,変更,,,,,,
210351,,자동 변경 중...,Progressing...,自动更改中……,自動變更中…,自動変更中…,,,,,,
210352,,잠재 확률,Potential Rate,潜在值几率,潛在值機率,潜在値確率,,,,,,
210353,,잠재가 비어있습니다.,You don't have the Potential.,潜在为空。,潛在是空白的。,潜在が空いています。,,,,,,
210354,,"전설, 신화가 나올 때까지 자동으로 잠재를 변경합니다.",Automatically change Potential until Legendary or Myth.,自动更改潜在直至传说、神话出现为止。,自動變更潛在直到傳說、神話出現為止。,伝説・神話が出るまで自動で潜在を変更します。,,,,,,
210355,,정지,Stop,暂停,停止,停止,,,,,,
210356,,높은 등급의 잠재가 있습니다.<br>재설정 하시겠습니까?,One or more Potential has a high grade.<br>Do you want to change?,有高级别的潜在值。<br>是否重新设置？,有高等級的潛在值。<br>要重新設定嗎？,高い等級の潜在値があります。<br>再設定しますか？,,,,,,
210357,,자동 변경이 진행 중입니다.,Automatic change is progressing.,自动更改进行中。,正在進行自動變更。,自動変更中です。,,,,,,
210358,,룬 효과,Rune Effect,符文效果,符文效果,ルーン効果,,,,,,
210359,,다이아를 소비하여 잠재 프리셋을 엽니다.,Use Diamonds to unlock the Potential preset.,消耗钻石打开潜在预设。,消耗鑽石，解鎖潛在預設。,ダイヤを消費して潜在プリセットを開放します。,,,,,,
210360,,주간 구매 {0}/{1},Weekly Limit {0}/{1},每周购买{0}/{1},每週購買{0}/{1},1週間の購入 {0}/{1},,,,,,
210361,,성장패키지 IV,Growth Package IV,成长礼包IV,成長禮包IV,成長パッケージIV,,,,,,
210362,,성장패키지4,Growth Package 4,成长礼包4,成長禮包4,成長パッケージ4,,,,,,
210363,,레벨 패스,Level Pass,等级通行证,等級通行證,レベルパス,,,,,,
210364,,스테이지 패스,Stage Pass,关卡通行证,關卡通行證,ステージパス,,,,,,
210365,,모험 패스,Soul Pass,冒险通行证,冒險通行證,アドベンチャーパス,,,,,,
210366,,프로필 수정,Edit Profile,修改简介,修改個人檔案,プロフィール修正,,,,,,
210367,,{0} 남음,{0} Left,剩余{0},剩下{0},残り{0},,,,,,
210368,,이전 최고 피해량,Previous High Damage,历史最高伤害量,之前最高傷害量,以前の最高ダメージ量,,,,,,
210369,,보상 정보,Reward Info,奖励信息,獎勵資訊,報酬情報,,,,,,
210370,,기록 없음,No Record,无纪录,無紀錄,記録なし,,,,,,
210371,,이전 누적 피해량,Previous Damage,历史累计伤害量,之前累計傷害量,直前の累積ダメージ量,,,,,,
210372,,현재 누적 피해량,Currency Damage,当前累计伤害量,目前累計傷害量,現在の累積ダメージ量,,,,,,
210373,,{0}초,{0}Seconds,{0}秒,{0}秒,{0}秒,,,,,,
210374,,수련 보상,TrainingReward,训练奖励,訓練獎勵,修練報酬,,,,,,
210375,,신기록 갱신!,New Record!,更新新纪录！,締造新紀錄！,新記録更新！,,,,,,
210376,,받는 보상이 없습니다.,There is no reward to be received.,无获得的奖励。,沒有領取的獎勵。,受け取る報酬がありません。,,,,,,
210377,,피해량 <color=#FFD53B>{0}</color> 달성 시 획득,Obtained upon achieving damage <color=#FFD53B>{0}</color>,伤害量达成<color=#FFD53B>{0}</color>时获得,傷害量達到<color=#FFD53B>{0}</color>時獲得,ダメージ量<color=#FFD53B>{0}</color>を達成すると獲得,,,,,,
210378,,한국어,English,简体中文,簡體中文,日本語,,,,,,
210379,,수련,Training,训练,訓練,修練,,,,,,
210380,,상품의 가격이 {0} 증가하였습니다.,The price of the product has increased {0}.,产品价格已上涨 {0}。,產品價格已上漲 {0}。,商品の価格が{0}増加しました。,,,,,,
210381,,{0}시 초기화,Reset at {0} o'clock,重置于{0},重設於{0},{0}時の初期化,,,,,,
210382,,{0} 코스튬 보유시 해금됩니다.,Unlocked when you own the costume {0} .,{0}当您拥有服装后即可解锁。,{0}當您擁有服裝後即可解鎖。,{0} コスチュームを所有するとロックが解除されます,,,,,,
210383,,달성 피해량,Damage achievement,伤害成就,傷害成就,ダメージ実績,,,,,,
210384,,유물 소환,Relic,遗物,遺物,遺物,,,,,,
210385,,유물,Relic,遗物,遺物,遺物,,,,,,
210386,,성공확률 {0}%,Success probability {0}%,成功概率{0}%,成功機率{0}%,成功確率 {0}%,,,,,,
210387,,공격력 {0} 레벨 달성시 잠금 해제,Unlocked when Attack reaches level {0},当攻击力达到等级 {0} 时解锁,當攻擊力達到等級 {0} 時解鎖,攻撃力レベル{0}に達するとロックが解除されます,,,,,,
210388,,체력 {0} 레벨 달성시 잠금 해제,Unlocked when HP reaches level {0},当体力达到等级 {0} 时解锁,當體力達到等級 {0} 時解鎖,体力レベル{0}に達するとロックが解除されます,,,,,,
210389,,{0} 스테이지 성공시 잠금 해제,Unlocked when stage {0} is completed,阶段 {0} 完成后解锁,階段 {0} 完成後解鎖,ステージ {0} が完了するとロックが解除されます,,,,,,
210390,,캐릭터 레벨 {0} 달성시 잠금 해제,Unlocked upon reaching character level {0},达到角色等级 {0} 后解锁,達到角色等級 {0} 後解鎖,キャラクターレベル{0}に到達するとロックが解除されます,,,,,,
210391,,소환권,Summon Ticket,召唤券,召喚券,召喚チケット,,,,,,
210392,,일괄 분해,Break down All,一键拆装,批次拆裝,一括分解,,,,,,
210393,,분해,Break down,分解,分解,分解,,,,,,
210394,,암시장,Black Market,黑市,黑市,闇市場,,,,,,
210395,,보석 소환,Summon Jewel,召唤宝石,召喚寶石,宝石召喚,,,,,,
210396,,보석,Jewel,宝石,寶石,宝石,,,,,,
210397,,일괄 강화,Upgrade All,全部强化,全部強化,全部強化,,,,,,
210398,,비어있음,Empty,空,空,空,,,,,,
210399,,필요 개수,Quantity needed,所需数量,所需數量,必要な数量,,,,,,
210400,,장착 중인 보석이 없습니다.,There aren't any Jewels being worn.,没有佩戴任何宝石。,沒有佩戴任何寶石。,装着中の宝石はありません。,,,,,,
210401,,보유한 보석이 없습니다.,There aren't any Jewels owned.,没有拥有任何宝石。,沒有擁有任何寶石。,持っている宝石はありません。,,,,,,
210402,,각성 효과 (장착 효과),Awaken Effect (Equip Effect),觉醒效果 (佩戴效果),覺醒效果 (穿戴效果),覚醒効果 (装着効果),,,,,,
210403,,각성 효과 (보유 효과),Awaken Effect (Owned Effect),觉醒效果 (持有效果),覺醒效果 (持有效果),覚醒効果 (保有効果),,,,,,
210404,,잠금 해제,Unlock,解锁,解鎖,ロック解除,,,,,,
210405,,랭킹,Rank,我的排名,我的排名,私のランキング,,,,,,
210406,,분해 완료,Breaking down Completed,分解完成,分解完成,分解完了,,,,,,
210407,,분해 가능한 스킬이 없습니다.,There are no skills that can be broken down,没有可以分解的技能,沒有可以分解的技能,分解できるスキルはない,,,,,,
210408,,5각성 달성 시 이용 가능합니다.,It can be used when awaken 5 are achieved,觉醒5級後即可使用。,覺醒5級後即可使用。,覚醒レベル5以降から使用可能となる。,,,,,,
210409,,티켓,Ticket,门票,門票,チケット,,,,,,
210410,,순위 없음,No Ranking,无名次,無名次,順位なし,,,,,,
210411,,모두 완료 시 카우보이 코스튬 무료!,Free Cowboy Sostume upon completion!,完成后免费牛仔服装！,完成後免費牛仔服裝！,完了すると無料のカウボーイコスチューム！,,,,,,
210412,,신규 용사를 위한 안내서,A Guide for New Hero,新英雄指南,新英雄指南,新しいヒーローのためのガイド,,,,,,
210413,,매일 24시 이 후 다음 일차 미션이 열립니다.,The next primary mission opens every day after 24:00.,下一个主要任务每天 24:00 后开放。,下一個主要任務每天 24:00 後開放。,次のプライマリ ミッションは毎日 24:00 以降に開始されます。,,,,,,
210414,,합성 결과,Result,结果,结果,结果,,,,,,
210415,,암시장2,Black Market2,黑市2,黑市2,闇市場2,,,,,,
210416,,모든 상품 소진 시 암시장2가 열립니다.,"When all products are sold out, Black Market 2 opens.",当所有产品售完后，黑市 2 就会开放。,當所有產品售完後，黑市 2 就會開放。,すべての商品が売り切れると、ブラック マーケット 2 が開きます。,,,,,,
999999,,머쉬룸 히어로,Mushroom Hero,蘑菇英雄,蘑菇英雄,キノコのヒーロー,,,,,,
